Date,^GSPC,BTC-USD,2% or less,Crypto 5day retur,Consecutive SP down,,
1/3/11,,,,,,,
1/4/11,-0.13%,1%,0,0%,0,,
1/5/11,0.50%,0%,0,0%,0,,
1/6/11,-0.21%,0%,0,0%,0,,
1/7/11,-0.18%,7%,0,0%,0,,
1/10/11,-0.14%,2%,0,0%,0,,
1/11/11,0.37%,0%,0,0%,0,,
1/12/11,0.90%,-2%,0,0%,0,,
1/13/11,-0.17%,0%,0,0%,0,,
1/14/11,0.74%,26%,0,0%,0,,
1/18/11,0.14%,-22%,0,0%,0,,
1/19/11,-1.01%,0%,0,0%,0,,
1/20/11,-0.13%,25%,0,0%,0,,
1/21/11,0.24%,8%,0,0%,0,,
1/24/11,0.58%,0%,0,0%,0,,
1/25/11,0.03%,-2%,0,0%,0,,
1/26/11,0.42%,2%,0,0%,0,,
1/27/11,0.22%,1%,0,0%,0,,
1/28/11,-1.79%,6%,0,0%,0,,
1/31/11,0.77%,17%,0,0%,0,,
2/1/11,1.67%,35%,0,0%,0,,
2/2/11,-0.27%,2%,0,0%,0,,
2/3/11,0.24%,-4%,0,0%,0,,
2/4/11,0.29%,18%,0,0%,0,,
2/7/11,0.62%,10%,0,0%,0,,
2/8/11,0.42%,3%,0,0%,0,,
2/9/11,-0.28%,19%,0,0%,0,,
2/10/11,0.07%,-10%,0,0%,0,,
2/11/11,0.55%,9%,0,0%,0,,
2/14/11,0.24%,0%,0,0%,0,,
2/15/11,-0.32%,-2%,0,0%,0,,
2/16/11,0.63%,0%,0,0%,0,,
2/17/11,0.31%,0%,0,0%,0,,
2/18/11,0.19%,-14%,0,0%,0,,
2/22/11,-2.05%,-3%,1,4%,0,,
2/23/11,-0.61%,3%,0,0%,0,,
2/24/11,-0.10%,11%,0,0%,0,,
2/25/11,1.06%,-9%,0,0%,0,,
2/28/11,0.56%,-6%,0,0%,0,,
3/1/11,-1.57%,7%,0,0%,0,,
3/2/11,0.16%,2%,0,0%,0,,
3/3/11,1.72%,0%,0,0%,0,,
3/4/11,-0.74%,-4%,0,0%,0,,
3/7/11,-0.83%,-2%,0,0%,0,,
3/8/11,0.89%,-2%,0,0%,0,,
3/9/11,-0.14%,-1%,0,0%,0,,
3/10/11,-1.89%,8%,0,0%,0,,
3/11/11,0.71%,-6%,0,0%,0,,
3/14/11,-0.60%,2%,0,0%,0,,
3/15/11,-1.12%,-3%,0,0%,0,,
3/16/11,-1.95%,-1%,0,0%,0,,
3/17/11,1.34%,-4%,0,0%,0,,
3/18/11,0.43%,-1%,0,0%,0,,
3/21/11,1.50%,-7%,0,0%,0,,
3/22/11,-0.36%,7%,0,0%,0,,
3/23/11,0.29%,5%,0,0%,0,,
3/24/11,0.93%,2%,0,0%,0,,
3/25/11,0.32%,2%,0,0%,0,,
3/28/11,-0.27%,-10%,0,0%,0,,
3/29/11,0.71%,0%,0,0%,0,,
3/30/11,0.67%,-1%,0,0%,0,,
3/31/11,-0.18%,-1%,0,0%,0,,
4/1/11,0.50%,1%,0,0%,0,,
4/4/11,0.03%,-9%,0,0%,0,,
4/5/11,-0.02%,4%,0,0%,0,,
4/6/11,0.22%,2%,0,0%,0,,
4/7/11,-0.15%,-1%,0,0%,0,,
4/8/11,-0.40%,-3%,0,0%,0,,
4/11/11,-0.28%,18%,0,0%,0,,
4/12/11,-0.78%,7%,0,0%,0,,
4/13/11,0.02%,8%,0,0%,0,,
4/14/11,0.01%,-1%,0,0%,0,,
4/15/11,0.39%,6%,0,0%,0,,
4/18/11,-1.10%,14%,0,0%,0,,
4/19/11,0.57%,-5%,0,0%,0,,
4/20/11,1.35%,6%,0,0%,0,,
4/21/11,0.53%,16%,0,0%,0,,
4/25/11,-0.16%,27%,0,0%,0,,
4/26/11,0.90%,6%,0,0%,0,,
4/27/11,0.62%,16%,0,0%,0,,
4/28/11,0.36%,30%,0,0%,0,,
4/29/11,0.23%,22%,0,0%,0,,
5/2/11,-0.18%,-3%,0,0%,0,,
5/3/11,-0.34%,0%,0,0%,0,,
5/4/11,-0.69%,-2%,0,0%,0,,
5/5/11,-0.91%,4%,0,0%,0,,
5/6/11,0.38%,6%,0,0%,0,,
5/9/11,0.45%,60%,0,0%,0,,
5/10/11,0.81%,-5%,0,0%,0,,
5/11/11,-1.11%,15%,0,0%,0,,
5/12/11,0.49%,30%,0,0%,0,,
5/13/11,-0.81%,-12%,0,0%,0,,
5/16/11,-0.62%,0%,0,0%,0,,
5/17/11,-0.04%,-4%,0,0%,0,,
5/18/11,0.88%,-1%,0,0%,0,,
5/19/11,0.22%,-18%,0,0%,0,,
5/20/11,-0.77%,9%,0,0%,0,,
5/23/11,-1.19%,21%,0,0%,0,,
5/24/11,-0.08%,13%,0,0%,0,,
5/25/11,0.32%,5%,0,0%,0,,
5/26/11,0.40%,-3%,0,0%,0,,
5/27/11,0.41%,-2%,0,0%,0,,
5/31/11,1.06%,15%,0,0%,0,,
6/1/11,-2.28%,11%,1,126%,0,,
6/2/11,-0.12%,35%,0,0%,0,,
6/3/11,-0.97%,32%,0,0%,0,,
6/6/11,-1.08%,27%,0,0%,0,,
6/7/11,-0.10%,24%,0,0%,0,,
6/8/11,-0.42%,-2%,0,0%,0,,
6/9/11,0.74%,-17%,0,0%,0,,
6/10/11,-1.40%,-39%,0,0%,0,,
6/13/11,0.07%,32%,0,0%,0,,
6/14/11,1.26%,1%,0,0%,0,,
6/15/11,-1.74%,-13%,0,0%,0,,
6/16/11,0.18%,-8%,0,0%,0,,
6/17/11,0.30%,8%,0,0%,0,,
6/20/11,0.54%,4%,0,0%,0,,
6/21/11,1.34%,0%,0,0%,0,,
6/22/11,-0.65%,0%,0,0%,0,,
6/23/11,-0.28%,0%,0,0%,0,,
6/24/11,-1.17%,0%,0,0%,0,,
6/27/11,0.92%,-3%,0,0%,0,,
6/28/11,1.29%,-1%,0,0%,0,,
6/29/11,0.83%,-4%,0,0%,0,,
6/30/11,1.01%,-4%,0,0%,0,,
7/1/11,1.44%,0%,0,0%,0,,
7/5/11,-0.13%,-4%,0,0%,0,,
7/6/11,0.10%,0%,0,0%,0,,
7/7/11,1.05%,-3%,0,0%,0,,
7/8/11,-0.70%,0%,0,0%,0,,
7/11/11,-1.81%,-3%,0,0%,0,,
7/12/11,-0.44%,0%,0,0%,0,,
7/13/11,0.31%,0%,0,0%,0,,
7/14/11,-0.67%,-1%,0,0%,0,,
7/15/11,0.56%,-1%,0,0%,0,,
7/18/11,-0.81%,1%,0,0%,0,,
7/19/11,1.63%,-1%,0,0%,0,,
7/20/11,-0.07%,-1%,0,0%,0,,
7/21/11,1.35%,1%,0,0%,0,,
7/22/11,0.09%,0%,0,0%,0,,
7/25/11,-0.56%,1%,0,0%,0,,
7/26/11,-0.41%,0%,0,0%,0,,
7/27/11,-2.03%,-3%,1,-21%,0,,
7/28/11,-0.32%,0%,0,0%,0,,
7/29/11,-0.65%,0%,0,0%,0,,
8/1/11,-0.41%,-11%,0,0%,0,,
8/2/11,-2.56%,-23%,1,3%,0,,
8/3/11,0.50%,16%,0,0%,0,,
8/4/11,-4.78%,-9%,1,5%,0,,
8/5/11,-0.06%,-33%,0,0%,0,,
8/8/11,-6.66%,53%,1,62%,0,,
8/9/11,4.74%,0%,0,0%,0,,
8/10/11,-4.42%,-5%,1,9%,0,,
8/11/11,4.63%,0%,0,0%,0,,
8/12/11,0.53%,7%,0,0%,0,,
8/15/11,2.18%,8%,0,0%,0,,
8/16/11,-0.97%,0%,0,0%,0,,
8/17/11,0.09%,-1%,0,0%,0,,
8/18/11,-4.46%,8%,1,-26%,1,,
8/19/11,-1.50%,-2%,0,0%,0,,
8/22/11,0.03%,-4%,0,0%,0,,
8/23/11,3.43%,-1%,0,0%,0,,
8/24/11,1.31%,-11%,0,0%,0,,
8/25/11,-1.56%,-15%,0,0%,0,,
8/26/11,1.51%,5%,0,0%,0,,
8/29/11,2.83%,2%,0,0%,0,,
8/30/11,0.23%,-7%,0,0%,0,,
8/31/11,0.49%,0%,0,0%,0,,
9/1/11,-1.19%,5%,0,0%,0,,
9/2/11,-2.53%,-2%,1,-33%,0,,
9/6/11,-0.74%,-15%,0,0%,0,,
9/7/11,2.86%,-9%,0,0%,0,,
9/8/11,-1.06%,-23%,0,0%,0,,
9/9/11,-2.67%,-5%,1,-2%,0,,
9/12/11,0.70%,21%,0,0%,0,,
9/13/11,0.91%,-3%,0,0%,0,,
9/14/11,1.35%,-14%,0,0%,0,,
9/15/11,1.72%,0%,0,0%,0,,
9/16/11,0.57%,-1%,0,0%,0,,
9/19/11,-0.98%,28%,0,0%,0,,
9/20/11,-0.17%,-8%,0,0%,0,,
9/21/11,-2.94%,-3%,1,-15%,1,,
9/22/11,-3.19%,2%,1,-5%,0,,
9/23/11,0.61%,-1%,0,0%,0,,
9/26/11,2.33%,-10%,0,0%,0,,
9/27/11,1.07%,-3%,0,0%,0,,
9/28/11,-2.07%,0%,1,0%,0,,
9/29/11,0.81%,8%,0,0%,0,,
9/30/11,-2.50%,-2%,1,-24%,1,,
10/3/11,-2.85%,-1%,1,-24%,0,,
10/4/11,2.25%,-2%,0,0%,0,,
10/5/11,1.79%,-3%,0,0%,0,,
10/6/11,1.83%,-10%,0,0%,0,,
10/7/11,-0.82%,-6%,0,0%,0,,
10/10/11,3.41%,-2%,0,0%,0,,
10/11/11,0.05%,6%,0,0%,0,,
10/12/11,0.98%,-3%,0,0%,0,,
10/13/11,-0.30%,-1%,0,0%,0,,
10/14/11,1.74%,-4%,0,0%,0,,
10/17/11,-1.94%,-37%,0,0%,0,,
10/18/11,2.04%,-6%,0,0%,0,,
10/19/11,-1.26%,3%,0,0%,0,,
10/20/11,0.46%,9%,0,0%,0,,
10/21/11,1.88%,23%,0,0%,0,,
10/24/11,1.29%,-12%,0,0%,0,,
10/25/11,-2.00%,0%,1,15%,0,,
10/26/11,1.05%,10%,0,0%,0,,
10/27/11,3.43%,5%,0,0%,0,,
10/28/11,0.04%,12%,0,0%,0,,
10/31/11,-2.47%,-9%,1,-17%,1,,
11/1/11,-2.79%,-3%,1,-7%,0,,
11/2/11,1.61%,3%,0,0%,0,,
11/3/11,1.88%,-3%,0,0%,0,,
11/4/11,-0.63%,-1%,0,0%,0,,
11/7/11,0.63%,-3%,0,0%,0,,
11/8/11,1.17%,1%,0,0%,0,,
11/9/11,-3.67%,-3%,1,-11%,0,,
11/10/11,0.86%,-4%,0,0%,0,,
11/11/11,1.95%,8%,0,0%,0,,
11/14/11,-0.96%,-28%,0,0%,0,,
11/15/11,0.48%,5%,0,0%,0,,
11/16/11,-1.66%,10%,0,0%,0,,
11/17/11,-1.68%,-12%,0,0%,0,,
11/18/11,-0.04%,-9%,0,0%,0,,
11/21/11,-1.86%,12%,0,0%,0,,
11/22/11,-0.41%,2%,0,0%,0,,
11/23/11,-2.21%,0%,1,28%,0,,
11/25/11,-0.27%,7%,0,0%,0,,
11/28/11,2.92%,2%,0,0%,0,,
11/29/11,0.22%,8%,0,0%,0,,
11/30/11,4.33%,8%,0,0%,0,,
12/1/11,-0.19%,3%,0,0%,0,,
12/2/11,-0.02%,2%,0,0%,0,,
12/5/11,1.03%,-8%,0,0%,0,,
12/6/11,0.11%,5%,0,0%,0,,
12/7/11,0.20%,-1%,0,0%,0,,
12/8/11,-2.11%,0%,1,7%,0,,
12/9/11,1.69%,0%,0,0%,0,,
12/12/11,-1.49%,6%,0,0%,0,,
12/13/11,-0.87%,4%,0,0%,0,,
12/14/11,-1.13%,-3%,0,0%,0,,
12/15/11,0.32%,2%,0,0%,0,,
12/16/11,0.32%,0%,0,0%,0,,
12/19/11,-1.17%,10%,0,0%,0,,
12/20/11,2.98%,12%,0,0%,0,,
12/21/11,0.19%,-2%,0,0%,0,,
12/22/11,0.83%,0%,0,0%,0,,
12/23/11,0.90%,1%,0,0%,0,,
12/27/11,0.01%,3%,0,0%,0,,
12/28/11,-1.25%,3%,0,0%,0,,
12/29/11,1.07%,0%,0,0%,0,,
12/30/11,-0.43%,2%,0,0%,0,,
1/3/12,1.55%,15%,0,0%,0,,
1/4/12,0.02%,14%,0,0%,0,,
1/5/12,0.29%,25%,0,0%,0,,
1/6/12,-0.25%,-4%,0,0%,0,,
1/9/12,0.23%,-6%,0,0%,0,,
1/10/12,0.89%,1%,0,0%,0,,
1/11/12,0.03%,8%,0,0%,0,,
1/12/12,0.23%,-1%,0,0%,0,,
1/13/12,-0.49%,-6%,0,0%,0,,
1/17/12,0.36%,-13%,0,0%,0,,
1/18/12,1.11%,6%,0,0%,0,,
1/19/12,0.49%,7%,0,0%,0,,
1/20/12,0.07%,2%,0,0%,0,,
1/23/12,0.05%,-2%,0,0%,0,,
1/24/12,-0.10%,-1%,0,0%,0,,
1/25/12,0.87%,-9%,0,0%,0,,
1/26/12,-0.58%,-7%,0,0%,0,,
1/27/12,-0.16%,-1%,0,0%,0,,
1/30/12,-0.25%,4%,0,0%,0,,
1/31/12,-0.05%,0%,0,0%,0,,
2/1/12,0.89%,11%,0,0%,0,,
2/2/12,0.11%,0%,0,0%,0,,
2/3/12,1.46%,-2%,0,0%,0,,
2/6/12,-0.04%,-8%,0,0%,0,,
2/7/12,0.20%,4%,0,0%,0,,
2/8/12,0.22%,-2%,0,0%,0,,
2/9/12,0.15%,4%,0,0%,0,,
2/10/12,-0.69%,1%,0,0%,0,,
2/13/12,0.68%,-11%,0,0%,0,,
2/14/12,-0.09%,-15%,0,0%,0,,
2/15/12,-0.54%,-3%,0,0%,0,,
2/16/12,1.10%,-1%,0,0%,0,,
2/17/12,0.23%,3%,0,0%,0,,
2/21/12,0.07%,-3%,0,0%,0,,
2/22/12,-0.33%,4%,0,0%,0,,
2/23/12,0.43%,13%,0,0%,0,,
2/24/12,0.17%,0%,0,0%,0,,
2/27/12,0.14%,-1%,0,0%,0,,
2/28/12,0.34%,-2%,0,0%,0,,
2/29/12,-0.47%,0%,0,0%,0,,
3/1/12,0.62%,1%,0,0%,0,,
3/2/12,-0.32%,-4%,0,0%,0,,
3/5/12,-0.39%,6%,0,0%,0,,
3/6/12,-1.54%,0%,0,0%,0,,
3/7/12,0.69%,-1%,0,0%,0,,
3/8/12,0.98%,0%,0,0%,0,,
3/9/12,0.36%,-1%,0,0%,0,,
3/12/12,0.02%,1%,0,0%,0,,
3/13/12,1.81%,8%,0,0%,0,,
3/14/12,-0.12%,2%,0,0%,0,,
3/15/12,0.60%,-1%,0,0%,0,,
3/16/12,0.11%,0%,0,0%,0,,
3/19/12,0.40%,-12%,0,0%,0,,
3/20/12,-0.30%,3%,0,0%,0,,
3/21/12,-0.19%,0%,0,0%,0,,
3/22/12,-0.72%,-2%,0,0%,0,,
3/23/12,0.31%,0%,0,0%,0,,
3/26/12,1.39%,3%,0,0%,0,,
3/27/12,-0.28%,0%,0,0%,0,,
3/28/12,-0.49%,0%,0,0%,0,,
3/29/12,-0.16%,1%,0,0%,0,,
3/30/12,0.37%,1%,0,0%,0,,
4/2/12,0.75%,1%,0,0%,0,,
4/3/12,-0.40%,-1%,0,0%,0,,
4/4/12,-1.02%,0%,0,0%,0,,
4/5/12,-0.06%,1%,0,0%,0,,
4/9/12,-1.14%,-2%,0,0%,0,,
4/10/12,-1.71%,2%,0,0%,0,,
4/11/12,0.74%,0%,0,0%,0,,
4/12/12,1.38%,0%,0,0%,0,,
4/13/12,-1.25%,0%,0,0%,0,,
4/16/12,-0.05%,0%,0,0%,0,,
4/17/12,1.55%,3%,0,0%,0,,
4/18/12,-0.41%,0%,0,0%,0,,
4/19/12,-0.59%,4%,0,0%,0,,
4/20/12,0.12%,-2%,0,0%,0,,
4/23/12,-0.84%,-3%,0,0%,0,,
4/24/12,0.37%,1%,0,0%,0,,
4/25/12,1.36%,-1%,0,0%,0,,
4/26/12,0.67%,0%,0,0%,0,,
4/27/12,0.24%,-3%,0,0%,0,,
4/30/12,-0.39%,0%,0,0%,0,,
5/1/12,0.57%,1%,0,0%,0,,
5/2/12,-0.25%,1%,0,0%,0,,
5/3/12,-0.77%,-1%,0,0%,0,,
5/4/12,-1.61%,0%,0,0%,0,,
5/7/12,0.04%,-1%,0,0%,0,,
5/8/12,-0.43%,0%,0,0%,0,,
5/9/12,-0.67%,-4%,0,0%,0,,
5/10/12,0.25%,2%,0,0%,0,,
5/11/12,-0.34%,0%,0,0%,0,,
5/14/12,-1.11%,2%,0,0%,0,,
5/15/12,-0.57%,1%,0,0%,0,,
5/16/12,-0.44%,0%,0,0%,0,,
5/17/12,-1.51%,0%,0,0%,0,,
5/18/12,-0.74%,0%,0,0%,0,,
5/21/12,1.60%,0%,0,0%,0,,
5/22/12,0.05%,1%,0,0%,0,,
5/23/12,0.17%,0%,0,0%,0,,
5/24/12,0.14%,1%,0,0%,0,,
5/25/12,-0.22%,-1%,0,0%,0,,
5/29/12,1.11%,1%,0,0%,0,,
5/30/12,-1.43%,1%,0,0%,0,,
5/31/12,-0.23%,2%,0,0%,0,,
6/1/12,-2.46%,0%,1,5%,0,,
6/4/12,0.01%,4%,0,0%,0,,
6/5/12,0.57%,0%,0,0%,0,,
6/6/12,2.30%,2%,0,0%,0,,
6/7/12,-0.01%,1%,0,0%,0,,
6/8/12,0.81%,-1%,0,0%,0,,
6/11/12,-1.26%,3%,0,0%,0,,
6/12/12,1.17%,4%,0,0%,0,,
6/13/12,-0.70%,0%,0,0%,0,,
6/14/12,1.08%,9%,0,0%,0,,
6/15/12,1.03%,-2%,0,0%,0,,
6/18/12,0.14%,2%,0,0%,0,,
6/19/12,0.98%,3%,0,0%,0,,
6/20/12,-0.17%,0%,0,0%,0,,
6/21/12,-2.23%,-2%,1,0%,0,,
6/22/12,0.72%,-2%,0,0%,0,,
6/25/12,-1.60%,0%,0,0%,0,,
6/26/12,0.48%,4%,0,0%,0,,
6/27/12,0.90%,-1%,0,0%,0,,
6/28/12,-0.21%,1%,0,0%,0,,
6/29/12,2.49%,1%,0,0%,0,,
7/2/12,0.25%,-4%,0,0%,0,,
7/3/12,0.62%,1%,0,0%,0,,
7/5/12,-0.47%,2%,0,0%,0,,
7/6/12,-0.94%,2%,0,0%,0,,
7/9/12,-0.16%,6%,0,0%,0,,
7/10/12,-0.81%,-1%,0,0%,0,,
7/11/12,0.00%,9%,0,0%,0,,
7/12/12,-0.50%,-1%,0,0%,0,,
7/13/12,1.65%,-2%,0,0%,0,,
7/16/12,-0.23%,17%,0,0%,0,,
7/17/12,0.74%,4%,0,0%,0,,
7/18/12,0.67%,-3%,0,0%,0,,
7/19/12,0.27%,-4%,0,0%,0,,
7/20/12,-1.01%,4%,0,0%,0,,
7/23/12,-0.89%,-3%,0,0%,0,,
7/24/12,-0.90%,2%,0,0%,0,,
7/25/12,-0.03%,1%,0,0%,0,,
7/26/12,1.65%,0%,0,0%,0,,
7/27/12,1.91%,0%,0,0%,0,,
7/30/12,-0.05%,5%,0,0%,0,,
7/31/12,-0.43%,2%,0,0%,0,,
8/1/12,-0.29%,10%,0,0%,0,,
8/2/12,-0.75%,4%,0,0%,0,,
8/3/12,1.90%,0%,0,0%,0,,
8/6/12,0.23%,1%,0,0%,0,,
8/7/12,0.51%,0%,0,0%,0,,
8/8/12,0.06%,0%,0,0%,0,,
8/9/12,0.04%,3%,0,0%,0,,
8/10/12,0.22%,1%,0,0%,0,,
8/13/12,-0.13%,6%,0,0%,0,,
8/14/12,-0.01%,9%,0,0%,0,,
8/15/12,0.11%,2%,0,0%,0,,
8/16/12,0.71%,-14%,0,0%,0,,
8/17/12,0.19%,0%,0,0%,0,,
8/20/12,0.00%,-15%,0,0%,0,,
8/21/12,-0.35%,-1%,0,0%,0,,
8/22/12,0.02%,3%,0,0%,0,,
8/23/12,-0.81%,5%,0,0%,0,,
8/24/12,0.65%,-1%,0,0%,0,,
8/27/12,-0.05%,4%,0,0%,0,,
8/28/12,-0.08%,0%,0,0%,0,,
8/29/12,0.08%,-1%,0,0%,0,,
8/30/12,-0.78%,-6%,0,0%,0,,
8/31/12,0.51%,-2%,0,0%,0,,
9/4/12,-0.12%,10%,0,0%,0,,
9/5/12,-0.11%,2%,0,0%,0,,
9/6/12,2.04%,-2%,0,0%,0,,
9/7/12,0.40%,0%,0,0%,0,,
9/10/12,-0.61%,3%,0,0%,0,,
9/11/12,0.31%,0%,0,0%,0,,
9/12/12,0.21%,0%,0,0%,0,,
9/13/12,1.63%,2%,0,0%,0,,
9/14/12,0.40%,1%,0,0%,0,,
9/17/12,-0.31%,4%,0,0%,0,,
9/18/12,-0.13%,3%,0,0%,0,,
9/19/12,0.12%,-2%,0,0%,0,,
9/20/12,-0.05%,1%,0,0%,0,,
9/21/12,-0.01%,-1%,0,0%,0,,
9/24/12,-0.22%,0%,0,0%,0,,
9/25/12,-1.05%,1%,0,0%,0,,
9/26/12,-0.57%,0%,0,0%,0,,
9/27/12,0.96%,1%,0,0%,0,,
9/28/12,-0.45%,0%,0,0%,0,,
10/1/12,0.27%,4%,0,0%,0,,
10/2/12,0.09%,0%,0,0%,0,,
10/3/12,0.36%,0%,0,0%,0,,
10/4/12,0.72%,-1%,0,0%,0,,
10/5/12,-0.03%,-1%,0,0%,0,,
10/8/12,-0.35%,-5%,0,0%,0,,
10/9/12,-0.99%,2%,0,0%,0,,
10/10/12,-0.62%,-1%,0,0%,0,,
10/11/12,0.02%,0%,0,0%,0,,
10/12/12,-0.30%,-1%,0,0%,0,,
10/15/12,0.81%,0%,0,0%,0,,
10/16/12,1.03%,0%,0,0%,0,,
10/17/12,0.41%,1%,0,0%,0,,
10/18/12,-0.24%,-2%,0,0%,0,,
10/19/12,-1.66%,0%,0,0%,0,,
10/22/12,0.04%,-1%,0,0%,0,,
10/23/12,-1.44%,0%,0,0%,0,,
10/24/12,-0.31%,-7%,0,0%,0,,
10/25/12,0.30%,-6%,0,0%,0,,
10/26/12,-0.07%,1%,0,0%,0,,
10/31/12,0.02%,9%,0,0%,0,,
11/1/12,1.09%,-6%,0,0%,0,,
11/2/12,-0.94%,-1%,0,0%,0,,
11/5/12,0.22%,3%,0,0%,0,,
11/6/12,0.79%,1%,0,0%,0,,
11/7/12,-2.37%,0%,1,0%,1,,
11/8/12,-1.22%,0%,0,0%,0,,
11/9/12,0.17%,-1%,0,0%,0,,
11/12/12,0.01%,2%,0,0%,0,,
11/13/12,-0.40%,-1%,0,0%,0,,
11/14/12,-1.39%,0%,0,0%,0,,
11/15/12,-0.16%,2%,0,0%,0,,
11/16/12,0.48%,5%,0,0%,0,,
11/19/12,1.99%,0%,0,0%,0,,
11/20/12,0.07%,-1%,0,0%,0,,
11/21/12,0.23%,0%,0,0%,0,,
11/23/12,1.30%,5%,0,0%,0,,
11/26/12,-0.20%,-1%,0,0%,0,,
11/27/12,-0.52%,0%,0,0%,0,,
11/28/12,0.79%,1%,0,0%,0,,
11/29/12,0.43%,1%,0,0%,0,,
11/30/12,0.02%,1%,0,0%,0,,
12/3/12,-0.47%,1%,0,0%,0,,
12/4/12,-0.17%,6%,0,0%,0,,
12/5/12,0.16%,0%,0,0%,0,,
12/6/12,0.33%,-1%,0,0%,0,,
12/7/12,0.29%,2%,0,0%,0,,
12/10/12,0.03%,-1%,0,0%,0,,
12/11/12,0.65%,1%,0,0%,0,,
12/12/12,0.04%,1%,0,0%,0,,
12/13/12,-0.63%,0%,0,0%,0,,
12/14/12,-0.41%,-1%,0,0%,0,,
12/17/12,1.19%,-3%,0,0%,0,,
12/18/12,1.15%,0%,0,0%,0,,
12/19/12,-0.76%,2%,0,0%,0,,
12/20/12,0.55%,-1%,0,0%,0,,
12/21/12,-0.94%,0%,0,0%,0,,
12/24/12,-0.24%,-1%,0,0%,0,,
12/26/12,-0.48%,1%,0,0%,0,,
12/27/12,-0.12%,0%,0,0%,0,,
12/28/12,-1.10%,0%,0,0%,0,,
12/31/12,1.69%,1%,0,0%,0,,
1/2/13,2.54%,-2%,0,0%,0,,
1/3/13,-0.21%,1%,0,0%,0,,
1/4/13,0.49%,1%,0,0%,0,,
1/7/13,-0.31%,1%,0,0%,0,,
1/8/13,-0.32%,1%,0,0%,0,,
1/9/13,0.27%,0%,0,0%,0,,
1/10/13,0.76%,3%,0,0%,0,,
1/11/13,0.00%,0%,0,0%,0,,
1/14/13,-0.09%,1%,0,0%,0,,
1/15/13,0.11%,0%,0,0%,0,,
1/16/13,0.02%,3%,0,0%,0,,
1/17/13,0.56%,5%,0,0%,0,,
1/18/13,0.34%,1%,0,0%,0,,
1/22/13,0.44%,10%,0,0%,0,,
1/23/13,0.15%,1%,0,0%,0,,
1/24/13,0.00%,-3%,0,0%,0,,
1/25/13,0.54%,3%,0,0%,0,,
1/28/13,-0.18%,8%,0,0%,0,,
1/29/13,0.51%,4%,0,0%,0,,
1/30/13,-0.39%,1%,0,0%,0,,
1/31/13,-0.26%,4%,0,0%,0,,
2/1/13,1.01%,0%,0,0%,0,,
2/4/13,-1.15%,0%,0,0%,0,,
2/5/13,1.04%,1%,0,0%,0,,
2/6/13,0.05%,3%,0,0%,0,,
2/7/13,-0.18%,5%,0,0%,0,,
2/8/13,0.57%,2%,0,0%,0,,
2/11/13,-0.06%,9%,0,0%,0,,
2/12/13,0.16%,2%,0,0%,0,,
2/13/13,0.06%,-4%,0,0%,0,,
2/14/13,0.07%,12%,0,0%,0,,
2/15/13,-0.10%,0%,0,0%,0,,
2/19/13,0.73%,9%,0,0%,0,,
2/20/13,-1.24%,1%,0,0%,0,,
2/21/13,-0.63%,0%,0,0%,0,,
2/22/13,0.88%,2%,0,0%,0,,
2/25/13,-1.83%,0%,0,0%,0,,
2/26/13,0.61%,2%,0,0%,0,,
2/27/13,1.27%,-1%,0,0%,0,,
2/28/13,-0.09%,8%,0,0%,0,,
3/1/13,0.23%,3%,0,0%,0,,
3/4/13,0.46%,5%,0,0%,0,,
3/5/13,0.96%,12%,0,0%,0,,
3/6/13,0.11%,2%,0,0%,0,,
3/7/13,0.18%,2%,0,0%,0,,
3/8/13,0.45%,5%,0,0%,0,,
3/11/13,0.32%,10%,0,0%,0,,
3/12/13,-0.24%,-8%,0,0%,0,,
3/13/13,0.13%,6%,0,0%,0,,
3/14/13,0.56%,1%,0,0%,0,,
3/15/13,-0.16%,0%,0,0%,0,,
3/18/13,-0.55%,10%,0,0%,0,,
3/19/13,-0.24%,15%,0,0%,0,,
3/20/13,0.67%,9%,0,0%,0,,
3/21/13,-0.83%,10%,0,0%,0,,
3/22/13,0.72%,-1%,0,0%,0,,
3/25/13,-0.33%,5%,0,0%,0,,
3/26/13,0.78%,7%,0,0%,0,,
3/27/13,-0.06%,13%,0,0%,0,,
3/28/13,0.41%,-3%,0,0%,0,,
4/1/13,-0.45%,37%,0,0%,0,,
4/2/13,0.52%,14%,0,0%,0,,
4/3/13,-1.05%,-2%,0,0%,0,,
4/4/13,0.40%,8%,0,0%,0,,
4/5/13,-0.43%,0%,0,0%,0,,
4/8/13,0.63%,61%,0,0%,0,,
4/9/13,0.35%,-28%,0,0%,0,,
4/10/13,1.22%,-24%,0,0%,0,,
4/11/13,0.36%,-6%,0,0%,0,,
4/12/13,-0.28%,-21%,0,0%,0,,
4/15/13,-2.30%,-26%,1,56%,0,,
4/16/13,1.43%,36%,0,0%,0,,
4/17/13,-1.43%,17%,0,0%,0,,
4/18/13,-0.67%,9%,0,0%,0,0,
4/19/13,0.88%,7%,0,0%,0,,0
4/22/13,0.47%,13%,0,0%,0,,
4/23/13,1.04%,7%,0,0%,0,,
4/24/13,0.00%,-8%,0,0%,0,,
4/25/13,0.40%,-3%,0,0%,0,,
4/26/13,-0.18%,-7%,0,0%,0,,
4/29/13,0.72%,9%,0,0%,0,,
4/30/13,0.25%,-16%,0,0%,0,,
5/1/13,-0.93%,-9%,0,0%,0,,
5/2/13,0.94%,-8%,0,0%,0,,
5/3/13,1.05%,15%,0,0%,0,,
5/6/13,0.19%,-3%,0,0%,0,,
5/7/13,0.52%,3%,0,0%,0,,
5/8/13,0.41%,0%,0,0%,0,,
5/9/13,-0.37%,4%,0,0%,0,,
5/10/13,0.43%,-2%,0,0%,0,,
5/13/13,0.00%,-4%,0,0%,0,,
5/14/13,1.01%,3%,0,0%,0,,
5/15/13,0.51%,3%,0,0%,0,,
5/16/13,-0.50%,4%,0,0%,0,,
5/17/13,1.03%,0%,0,0%,0,,
5/20/13,-0.07%,0%,0,0%,0,,
5/21/13,0.17%,1%,0,0%,0,,
5/22/13,-0.83%,2%,0,0%,0,,
5/23/13,-0.29%,5%,0,0%,0,,
5/24/13,-0.06%,-1%,0,0%,0,,
5/28/13,0.63%,0%,0,0%,0,,
5/29/13,-0.70%,-3%,0,0%,0,,
5/30/13,0.37%,0%,0,0%,0,,
5/31/13,-1.43%,0%,0,0%,0,,
6/3/13,0.59%,-6%,0,0%,0,,
6/4/13,-0.55%,0%,0,0%,0,,
6/5/13,-1.38%,-2%,0,0%,0,,
6/6/13,0.85%,-7%,0,0%,0,,
6/7/13,1.28%,-3%,0,0%,0,,
6/10/13,-0.03%,1%,0,0%,0,,
6/11/13,-1.02%,0%,0,0%,0,,
6/12/13,-0.84%,-4%,0,0%,0,,
6/13/13,1.48%,-4%,0,0%,0,,
6/14/13,-0.59%,0%,0,0%,0,,
6/17/13,0.76%,8%,0,0%,0,,
6/18/13,0.78%,1%,0,0%,0,,
6/19/13,-1.39%,3%,0,0%,0,,
6/20/13,-2.50%,-2%,1,-16%,0,,
6/21/13,0.27%,-1%,0,0%,0,,
6/24/13,-1.21%,-5%,0,0%,0,,
6/25/13,0.95%,1%,0,0%,0,,
6/26/13,0.96%,-2%,0,0%,0,,
6/27/13,0.62%,-7%,0,0%,0,,
6/28/13,-0.43%,0%,0,0%,0,,
7/1/13,0.54%,-5%,0,0%,0,,
7/2/13,-0.05%,-13%,0,0%,0,,
7/3/13,0.08%,1%,0,0%,0,,
7/5/13,1.02%,-13%,0,0%,0,,
7/8/13,0.53%,10%,0,0%,0,,
7/9/13,0.72%,15%,0,0%,0,,
7/10/13,0.02%,1%,0,0%,0,,
7/11/13,1.36%,6%,0,0%,0,,
7/12/13,0.31%,5%,0,0%,0,,
7/15/13,0.14%,-1%,0,0%,0,,
7/16/13,-0.37%,1%,0,0%,0,,
7/17/13,0.28%,-9%,0,0%,0,,
7/18/13,0.50%,2%,0,0%,0,,
7/19/13,0.16%,-2%,0,0%,0,,
7/22/13,0.20%,6%,0,0%,0,,
7/23/13,-0.19%,0%,0,0%,0,,
7/24/13,-0.38%,2%,0,0%,0,,
7/25/13,0.26%,-1%,0,0%,0,,
7/26/13,0.08%,-2%,0,0%,0,,
7/29/13,-0.37%,14%,0,0%,0,,
7/30/13,0.04%,-2%,0,0%,0,,
7/31/13,-0.01%,-2%,0,0%,0,,
8/1/13,1.25%,0%,0,0%,0,,
8/2/13,0.16%,0%,0,0%,0,,
8/5/13,-0.15%,2%,0,0%,0,,
8/6/13,-0.57%,-1%,0,0%,0,,
8/7/13,-0.38%,-3%,0,0%,0,,
8/8/13,0.39%,0%,0,0%,0,,
8/9/13,-0.36%,0%,0,0%,0,,
8/12/13,-0.12%,6%,0,0%,0,,
8/13/13,0.28%,3%,0,0%,0,,
8/14/13,-0.52%,-2%,0,0%,0,,
8/15/13,-1.43%,-1%,0,0%,0,,
8/16/13,-0.33%,3%,0,0%,0,,
8/19/13,-0.59%,7%,0,0%,0,,
8/20/13,0.38%,2%,0,0%,0,,
8/21/13,-0.58%,-1%,0,0%,0,,
8/22/13,0.86%,-3%,0,0%,0,,
8/23/13,0.39%,1%,0,0%,0,,
8/26/13,-0.40%,10%,0,0%,0,,
8/27/13,-1.59%,-2%,0,0%,0,,
8/28/13,0.27%,0%,0,0%,0,,
8/29/13,0.20%,7%,0,0%,0,,
8/30/13,-0.32%,2%,0,0%,0,,
9/3/13,0.42%,-6%,0,0%,0,,
9/4/13,0.81%,-2%,0,0%,0,,
9/5/13,0.12%,-6%,0,0%,0,,
9/6/13,0.01%,6%,0,0%,0,,
9/9/13,1.00%,3%,0,0%,0,,
9/10/13,0.73%,7%,0,0%,0,,
9/11/13,0.31%,-2%,0,0%,0,,
9/12/13,-0.34%,1%,0,0%,0,,
9/13/13,0.27%,-3%,0,0%,0,,
9/16/13,0.57%,2%,0,0%,0,,
9/17/13,0.42%,1%,0,0%,0,,
9/18/13,1.22%,-4%,0,0%,0,,
9/19/13,-0.18%,-1%,0,0%,0,,
9/20/13,-0.72%,0%,0,0%,0,,
9/23/13,-0.47%,0%,0,0%,0,,
9/24/13,-0.26%,0%,0,0%,0,,
9/25/13,-0.27%,2%,0,0%,0,,
9/26/13,0.35%,1%,0,0%,0,,
9/27/13,-0.41%,3%,0,0%,0,,
9/30/13,-0.60%,-2%,0,0%,0,,
10/1/13,0.80%,-12%,0,0%,0,,
10/2/13,-0.07%,6%,0,0%,0,,
10/3/13,-0.90%,4%,0,0%,0,,
10/4/13,0.71%,0%,0,0%,0,,
10/7/13,-0.85%,0%,0,0%,0,,
10/8/13,-1.23%,2%,0,0%,0,,
10/9/13,0.06%,1%,0,0%,0,,
10/10/13,2.18%,0%,0,0%,0,,
10/11/13,0.63%,2%,0,0%,0,,
10/14/13,0.41%,11%,0,0%,0,,
10/15/13,-0.71%,-3%,0,0%,0,,
10/16/13,1.38%,3%,0,0%,0,,
10/17/13,0.67%,7%,0,0%,0,,
10/18/13,0.65%,9%,0,0%,0,,
10/21/13,0.01%,11%,0,0%,0,,
10/22/13,0.57%,12%,0,0%,0,,
10/23/13,-0.47%,-9%,0,0%,0,,
10/24/13,0.33%,-4%,0,0%,0,,
10/25/13,0.44%,-5%,0,0%,0,,
10/28/13,0.13%,10%,0,0%,0,,
10/29/13,0.56%,4%,0,0%,0,,
10/30/13,-0.49%,-4%,0,0%,0,,
10/31/13,-0.38%,2%,0,0%,0,,
11/1/13,0.29%,1%,0,0%,0,,
11/4/13,0.36%,12%,0,0%,0,,
11/5/13,-0.28%,6%,0,0%,0,,
11/6/13,0.43%,5%,0,0%,0,,
11/7/13,-1.32%,17%,0,0%,0,,
11/8/13,1.34%,15%,0,0%,0,,
11/11/13,0.07%,2%,0,0%,0,,
11/12/13,-0.24%,5%,0,0%,0,,
11/13/13,0.81%,14%,0,0%,0,,
11/14/13,0.48%,0%,0,0%,0,,
11/15/13,0.42%,0%,0,0%,0,,
11/18/13,-0.37%,81%,0,0%,0,,
11/19/13,-0.20%,-18%,0,0%,0,,
11/20/13,-0.36%,-1%,0,0%,0,,
11/21/13,0.81%,20%,0,0%,0,,
11/22/13,0.50%,5%,0,0%,0,,
11/25/13,-0.13%,3%,0,0%,0,,
11/26/13,0.01%,17%,0,0%,0,,
11/27/13,0.25%,11%,0,0%,0,,
11/29/13,-0.08%,12%,0,0%,0,,
12/2/13,-0.27%,-9%,0,0%,0,,
12/3/13,-0.32%,5%,0,0%,0,,
12/4/13,-0.13%,7%,0,0%,0,,
12/5/13,-0.43%,-11%,0,0%,0,,
12/6/13,1.12%,-24%,0,0%,0,,
12/9/13,0.18%,9%,0,0%,0,,
12/10/13,-0.32%,12%,0,0%,0,,
12/11/13,-1.13%,-11%,0,0%,0,,
12/12/13,-0.38%,-2%,0,0%,0,,
12/13/13,-0.01%,4%,0,0%,0,,
12/16/13,0.63%,-19%,0,0%,0,,
12/17/13,-0.31%,-6%,0,0%,0,,
12/18/13,1.66%,-24%,0,0%,0,,
12/19/13,-0.06%,35%,0,0%,0,,
12/20/13,0.48%,-11%,0,0%,0,,
12/23/13,0.53%,10%,0,0%,0,,
12/24/13,0.29%,-1%,0,0%,0,,
12/26/13,0.47%,14%,0,0%,0,,
12/27/13,-0.03%,0%,0,0%,0,,
12/30/13,-0.02%,0%,0,0%,0,,
12/31/13,0.40%,0%,0,0%,0,,
1/2/14,-0.89%,6%,0,0%,0,,
1/3/14,-0.03%,3%,0,0%,0,,
1/6/14,-0.25%,15%,0,0%,0,,
1/7/14,0.61%,-13%,0,0%,0,,
1/8/14,-0.02%,7%,0,0%,0,,
1/9/14,0.03%,0%,0,0%,0,,
1/10/14,0.23%,2%,0,0%,0,,
1/13/14,-1.26%,-4%,0,0%,0,,
1/14/14,1.08%,0%,0,0%,0,,
1/15/14,0.52%,2%,0,0%,0,,
1/16/14,-0.13%,-3%,0,0%,0,,
1/17/14,-0.39%,-2%,0,0%,0,,
1/21/14,0.28%,8%,0,0%,0,,
1/22/14,0.06%,-1%,0,0%,0,,
1/23/14,-0.89%,-1%,0,0%,0,,
1/24/14,-2.09%,-3%,1,0%,0,,
1/27/14,-0.49%,3%,0,0%,0,,
1/28/14,0.61%,-1%,0,0%,0,,
1/29/14,-1.02%,-1%,0,0%,0,,
1/30/14,1.13%,2%,0,0%,0,,
1/31/14,-0.65%,0%,0,0%,0,,
2/3/14,-2.28%,-1%,1,-44%,0,,
2/4/14,0.76%,-1%,0,0%,0,,
2/5/14,-0.20%,-2%,0,0%,0,,
2/6/14,1.24%,-8%,0,0%,0,,
2/7/14,1.33%,-16%,0,0%,0,,
2/10/14,0.16%,-16%,0,0%,0,,
2/11/14,1.11%,-1%,0,0%,0,,
2/12/14,-0.03%,-8%,0,0%,0,,
2/13/14,0.58%,-15%,0,0%,0,,
2/14/14,0.48%,-5%,0,0%,0,,
2/18/14,0.12%,-31%,0,0%,0,,
2/19/14,-0.65%,-11%,0,0%,0,,
2/20/14,0.60%,-57%,0,0%,0,,
2/21/14,-0.19%,0%,0,0%,0,,
2/24/14,0.62%,56%,0,0%,0,,
2/25/14,-0.13%,-22%,0,0%,0,,
2/26/14,0.00%,337%,0,0%,0,,
2/27/14,0.49%,1%,0,0%,0,,
2/28/14,0.28%,-4%,0,0%,0,,
3/3/14,-0.74%,15%,0,0%,0,,
3/4/14,1.53%,0%,0,0%,0,,
3/5/14,-0.01%,-1%,0,0%,0,,
3/6/14,0.17%,-2%,0,0%,0,,
3/7/14,0.05%,-5%,0,0%,0,,
3/10/14,-0.05%,-1%,0,0%,0,,
3/11/14,-0.51%,-1%,0,0%,0,,
3/12/14,0.03%,2%,0,0%,0,,
3/13/14,-1.17%,1%,0,0%,0,,
3/14/14,-0.28%,-2%,0,0%,0,,
3/17/14,0.96%,-1%,0,0%,0,,
3/18/14,0.72%,-1%,0,0%,0,,
3/19/14,-0.61%,-1%,0,0%,0,,
3/20/14,0.60%,-5%,0,0%,0,,
3/21/14,-0.29%,-3%,0,0%,0,,
3/24/14,-0.49%,3%,0,0%,0,,
3/25/14,0.44%,-1%,0,0%,0,,
3/26/14,-0.70%,0%,0,0%,0,,
3/27/14,-0.19%,-18%,0,0%,0,,
3/28/14,0.46%,5%,0,0%,0,,
3/31/14,0.79%,-4%,0,0%,0,,
4/1/14,0.70%,-8%,0,0%,0,,
4/2/14,0.29%,3%,0,0%,0,,
4/3/14,-0.11%,2%,0,0%,0,,
4/4/14,-1.25%,3%,0,0%,0,,
4/7/14,-1.08%,2%,0,0%,0,,
4/8/14,0.38%,-2%,0,0%,0,,
4/9/14,1.09%,-16%,0,0%,0,,
4/10/14,-2.09%,13%,1,26%,0,,
4/11/14,-0.95%,1%,0,0%,0,,
4/14/14,0.82%,20%,0,0%,0,,
4/15/14,0.68%,2%,0,0%,0,,
4/16/14,1.05%,-7%,0,0%,0,,
4/17/14,0.14%,-3%,0,0%,0,,
4/21/14,0.38%,0%,0,0%,0,,
4/22/14,0.41%,0%,0,0%,0,,
4/23/14,-0.22%,3%,0,0%,0,,
4/24/14,0.17%,-7%,0,0%,0,,
4/25/14,-0.81%,-1%,0,0%,0,,
4/28/14,0.32%,-3%,0,0%,0,,
4/29/14,0.48%,0%,0,0%,0,,
4/30/14,0.30%,3%,0,0%,0,,
5/1/14,-0.01%,-1%,0,0%,0,,
5/2/14,-0.13%,-3%,0,0%,0,,
5/5/14,0.19%,-1%,0,0%,0,,
5/6/14,-0.90%,3%,0,0%,0,,
5/7/14,0.56%,-1%,0,0%,0,,
5/8/14,-0.14%,1%,0,0%,0,,
5/9/14,0.15%,1%,0,0%,0,,
5/12/14,0.97%,-4%,0,0%,0,,
5/13/14,0.04%,2%,0,0%,0,,
5/14/14,-0.47%,1%,0,0%,0,,
5/15/14,-0.94%,1%,0,0%,0,,
5/16/14,0.37%,0%,0,0%,0,,
5/19/14,0.38%,7%,0,0%,0,,
5/20/14,-0.65%,1%,0,0%,0,,
5/21/14,0.81%,5%,0,0%,0,,
5/22/14,0.24%,1%,0,0%,0,,
5/23/14,0.42%,0%,0,0%,0,,
5/27/14,0.60%,10%,0,0%,0,,
5/28/14,-0.11%,-1%,0,0%,0,,
5/29/14,0.54%,8%,0,0%,0,,
5/30/14,0.18%,3%,0,0%,0,,
6/2/14,0.07%,7%,0,0%,0,,
6/3/14,-0.04%,-5%,0,0%,0,,
6/4/14,0.19%,3%,0,0%,0,,
6/5/14,0.65%,-1%,0,0%,0,,
6/6/14,0.46%,0%,0,0%,0,,
6/9/14,0.09%,1%,0,0%,0,,
6/10/14,-0.02%,-2%,0,0%,0,,
6/11/14,-0.35%,-7%,0,0%,0,,
6/12/14,-0.71%,2%,0,0%,0,,
6/13/14,0.31%,-4%,0,0%,0,,
6/16/14,0.08%,4%,0,0%,0,,
6/17/14,0.22%,0%,0,0%,0,,
6/18/14,0.77%,-1%,0,0%,0,,
6/19/14,0.13%,-2%,0,0%,0,,
6/20/14,0.17%,1%,0,0%,0,,
6/23/14,-0.01%,-1%,0,0%,0,,
6/24/14,-0.64%,-3%,0,0%,0,,
6/25/14,0.49%,3%,0,0%,0,,
6/26/14,-0.12%,3%,0,0%,0,,
6/27/14,0.19%,-1%,0,0%,0,,
6/30/14,-0.04%,8%,0,0%,0,,
7/1/14,0.67%,0%,0,0%,0,,
7/2/14,0.07%,-1%,0,0%,0,,
7/3/14,0.55%,-2%,0,0%,0,,
7/7/14,-0.39%,-1%,0,0%,0,,
7/8/14,-0.70%,1%,0,0%,0,,
7/9/14,0.46%,-1%,0,0%,0,,
7/10/14,-0.41%,2%,0,0%,0,,
7/11/14,0.15%,0%,0,0%,0,,
7/14/14,0.48%,-3%,0,0%,0,,
7/15/14,-0.19%,-1%,0,0%,0,,
7/16/14,0.42%,2%,0,0%,0,,
7/17/14,-1.18%,0%,0,0%,0,,
7/18/14,1.03%,0%,0,0%,0,,
7/21/14,-0.23%,-1%,0,0%,0,,
7/22/14,0.50%,0%,0,0%,0,,
7/23/14,0.18%,-3%,0,0%,0,,
7/24/14,0.05%,0%,0,0%,0,,
7/25/14,-0.48%,-1%,0,0%,0,,
7/28/14,0.03%,-2%,0,0%,0,,
7/29/14,-0.45%,-4%,0,0%,0,,
7/30/14,0.01%,4%,0,0%,0,,
7/31/14,-2.00%,2%,0,0%,0,,
8/1/14,-0.29%,-1%,0,0%,0,,
8/4/14,0.72%,-1%,0,0%,0,,
8/5/14,-0.97%,0%,0,0%,0,,
8/6/14,0.00%,1%,0,0%,0,,
8/7/14,-0.56%,1%,0,0%,0,,
8/8/14,1.15%,-1%,0,0%,0,,
8/11/14,0.28%,-4%,0,0%,0,,
8/12/14,-0.16%,-5%,0,0%,0,,
8/13/14,0.67%,-7%,0,0%,0,,
8/14/14,0.43%,-2%,0,0%,0,,
8/15/14,-0.01%,5%,0,0%,0,,
8/18/14,0.85%,-7%,0,0%,0,,
8/19/14,0.50%,7%,0,0%,0,,
8/20/14,0.25%,0%,0,0%,0,,
8/21/14,0.29%,0%,0,0%,0,,
8/22/14,-0.20%,-4%,0,0%,0,,
8/25/14,0.48%,3%,0,0%,0,,
8/26/14,0.11%,1%,0,0%,0,,
8/27/14,0.00%,-1%,0,0%,0,,
8/28/14,-0.17%,0%,0,0%,0,,
8/29/14,0.33%,-1%,0,0%,0,,
9/2/14,-0.05%,-5%,0,0%,0,,
9/3/14,-0.08%,2%,0,0%,0,,
9/4/14,-0.15%,-1%,0,0%,0,,
9/5/14,0.50%,0%,0,0%,0,,
9/8/14,-0.31%,-2%,0,0%,0,,
9/9/14,-0.65%,1%,0,0%,0,,
9/10/14,0.36%,0%,0,0%,0,,
9/11/14,0.09%,0%,0,0%,0,,
9/12/14,-0.60%,0%,0,0%,0,,
9/15/14,-0.07%,-2%,0,0%,0,,
9/16/14,0.75%,-1%,0,0%,0,,
9/17/14,0.13%,-8%,0,0%,0,,
9/18/14,0.49%,-6%,0,0%,0,,
9/19/14,-0.05%,3%,0,0%,0,,
9/22/14,-0.80%,6%,0,0%,0,,
9/23/14,-0.58%,-3%,0,0%,0,,
9/24/14,0.78%,-3%,0,0%,0,,
9/25/14,-1.62%,-2%,0,0%,0,,
9/26/14,0.86%,-1%,0,0%,0,,
9/29/14,-0.25%,-3%,0,0%,0,,
9/30/14,-0.28%,-1%,0,0%,0,,
10/1/14,-1.32%,-2%,0,0%,0,,
10/2/14,0.00%,-3%,0,0%,0,,
10/3/14,1.12%,-8%,0,0%,0,,
10/6/14,-0.16%,-1%,0,0%,0,,
10/7/14,-1.51%,6%,0,0%,0,,
10/8/14,1.75%,3%,0,0%,0,,
10/9/14,-2.07%,0%,1,6%,1,,
10/10/14,-1.15%,0%,0,0%,0,,
10/13/14,-1.65%,10%,0,0%,0,,
10/14/14,0.16%,-1%,0,0%,0,,
10/15/14,-0.81%,-3%,0,0%,0,,
10/16/14,0.01%,0%,0,0%,0,,
10/17/14,1.29%,3%,0,0%,0,,
10/20/14,0.91%,-2%,0,0%,0,,
10/21/14,1.96%,-1%,0,0%,0,,
10/22/14,-0.73%,-6%,0,0%,0,,
10/23/14,1.23%,0%,0,0%,0,,
10/24/14,0.71%,-2%,0,0%,0,,
10/27/14,-0.15%,1%,0,0%,0,,
10/28/14,1.19%,0%,0,0%,0,,
10/29/14,-0.14%,-5%,0,0%,0,,
10/30/14,0.62%,3%,0,0%,0,,
10/31/14,1.17%,-2%,0,0%,0,,
11/3/14,-0.01%,-4%,0,0%,0,,
11/4/14,-0.28%,1%,0,0%,0,,
11/5/14,0.57%,3%,0,0%,0,,
11/6/14,0.38%,3%,0,0%,0,,
11/7/14,0.03%,-2%,0,0%,0,,
11/10/14,0.31%,7%,0,0%,0,,
11/11/14,0.07%,0%,0,0%,0,,
11/12/14,-0.07%,18%,0,0%,0,,
11/13/14,0.05%,-1%,0,0%,0,,
11/14/14,0.02%,-8%,0,0%,0,,
11/17/14,0.07%,-3%,0,0%,0,,
11/18/14,0.51%,-1%,0,0%,0,,
11/19/14,-0.15%,1%,0,0%,0,,
11/20/14,0.20%,-6%,0,0%,0,,
11/21/14,0.52%,-2%,0,0%,0,,
11/24/14,0.29%,8%,0,0%,0,,
11/25/14,-0.12%,-1%,0,0%,0,,
11/26/14,0.28%,-3%,0,0%,0,,
11/28/14,-0.25%,3%,0,0%,0,,
12/1/14,-0.68%,0%,0,0%,0,,
12/2/14,0.64%,1%,0,0%,0,,
12/3/14,0.38%,-1%,0,0%,0,,
12/4/14,-0.12%,-2%,0,0%,0,,
12/5/14,0.17%,2%,0,0%,0,,
12/8/14,-0.73%,-3%,0,0%,0,,
12/9/14,-0.02%,-3%,0,0%,0,,
12/10/14,-1.64%,-1%,0,0%,0,,
12/11/14,0.45%,0%,0,0%,0,,
12/12/14,-1.62%,2%,0,0%,0,,
12/15/14,-0.63%,-2%,0,0%,0,,
12/16/14,-0.85%,-4%,0,0%,0,,
12/17/14,2.04%,-3%,0,0%,0,,
12/18/14,2.40%,-3%,0,0%,0,,
12/19/14,0.46%,2%,0,0%,0,,
12/22/14,0.38%,4%,0,0%,0,,
12/23/14,0.17%,1%,0,0%,0,,
12/24/14,-0.01%,-4%,0,0%,0,,
12/26/14,0.33%,2%,0,0%,0,,
12/29/14,0.09%,-5%,0,0%,0,,
12/30/14,-0.49%,-1%,0,0%,0,,
12/31/14,-1.03%,2%,0,0%,0,,
1/2/15,-0.03%,-1%,0,0%,0,,
1/5/15,-1.83%,-13%,0,0%,0,,
1/6/15,-0.89%,3%,0,0%,0,,
1/7/15,1.16%,3%,0,0%,0,,
1/8/15,1.79%,-3%,0,0%,0,,
1/9/15,-0.84%,2%,0,0%,0,,
1/12/15,-0.81%,-6%,0,0%,0,,
1/13/15,-0.26%,-18%,0,0%,0,,
1/14/15,-0.58%,-25%,0,0%,0,,
1/15/15,-0.92%,27%,0,0%,0,,
1/16/15,1.34%,-1%,0,0%,0,,
1/20/15,0.15%,2%,0,0%,0,,
1/21/15,0.47%,8%,0,0%,0,,
1/22/15,1.53%,2%,0,0%,0,,
1/23/15,-0.55%,0%,0,0%,0,,
1/26/15,0.26%,16%,0,0%,0,,
1/27/15,-1.34%,-2%,0,0%,0,,
1/28/15,-1.35%,-10%,0,0%,0,,
1/29/15,0.95%,-1%,0,0%,0,,
1/30/15,-1.30%,-1%,0,0%,0,,
2/2/15,1.30%,3%,0,0%,0,,
2/3/15,1.44%,-5%,0,0%,0,,
2/4/15,-0.42%,0%,0,0%,0,,
2/5/15,1.03%,-4%,0,0%,0,,
2/6/15,-0.34%,3%,0,0%,0,,
2/9/15,-0.42%,-1%,0,0%,0,,
2/10/15,1.07%,0%,0,0%,0,,
2/11/15,0.00%,0%,0,0%,0,,
2/12/15,0.96%,1%,0,0%,0,,
2/13/15,0.41%,6%,0,0%,0,,
2/17/15,0.16%,3%,0,0%,0,,
2/18/15,-0.03%,-3%,0,0%,0,,
2/19/15,-0.11%,3%,0,0%,0,,
2/20/15,0.61%,1%,0,0%,0,,
2/23/15,-0.03%,-2%,0,0%,0,,
2/24/15,0.28%,0%,0,0%,0,,
2/25/15,-0.08%,-1%,0,0%,0,,
2/26/15,-0.15%,0%,0,0%,0,,
2/27/15,-0.30%,7%,0,0%,0,,
3/2/15,0.61%,8%,0,0%,0,,
3/3/15,-0.45%,3%,0,0%,0,,
3/4/15,-0.44%,-3%,0,0%,0,,
3/5/15,0.12%,1%,0,0%,0,,
3/6/15,-1.42%,-1%,0,0%,0,,
3/9/15,0.39%,6%,0,0%,0,,
3/10/15,-1.70%,0%,0,0%,0,,
3/11/15,-0.19%,1%,0,0%,0,,
3/12/15,1.26%,-1%,0,0%,0,,
3/13/15,-0.61%,-2%,0,0%,0,,
3/16/15,1.35%,1%,0,0%,0,,
3/17/15,-0.33%,-2%,0,0%,0,,
3/18/15,1.22%,-10%,0,0%,0,,
3/19/15,-0.49%,2%,0,0%,0,,
3/20/15,0.90%,0%,0,0%,0,,
3/23/15,-0.17%,1%,0,0%,0,,
3/24/15,-0.61%,-7%,0,0%,0,,
3/25/15,-1.46%,0%,0,0%,0,,
3/26/15,-0.24%,1%,0,0%,0,,
3/27/15,0.24%,0%,0,0%,0,,
3/30/15,1.22%,-1%,0,0%,0,,
3/31/15,-0.88%,1%,0,0%,0,,
4/1/15,-0.40%,3%,0,0%,0,,
4/2/15,0.35%,1%,0,0%,0,,
4/6/15,0.66%,-1%,0,0%,0,,
4/7/15,-0.21%,-3%,0,0%,0,,
4/8/15,0.27%,-1%,0,0%,0,,
4/9/15,0.45%,-4%,0,0%,0,,
4/10/15,0.52%,1%,0,0%,0,,
4/13/15,-0.46%,-8%,0,0%,0,,
4/14/15,0.16%,2%,0,0%,0,,
4/15/15,0.51%,2%,0,0%,0,,
4/16/15,-0.08%,-2%,0,0%,0,,
4/17/15,-1.13%,0%,0,0%,0,,
4/20/15,0.92%,5%,0,0%,0,,
4/21/15,-0.15%,0%,0,0%,0,,
4/22/15,0.51%,1%,0,0%,0,,
4/23/15,0.24%,-2%,0,0%,0,,
4/24/15,0.23%,-2%,0,0%,0,,
4/27/15,-0.41%,0%,0,0%,0,,
4/28/15,0.28%,0%,0,0%,0,,
4/29/15,-0.37%,5%,0,0%,0,,
4/30/15,-1.01%,-1%,0,0%,0,,
5/1/15,1.09%,1%,0,0%,0,,
5/4/15,0.29%,0%,0,0%,0,,
5/5/15,-1.18%,-2%,0,0%,0,,
5/6/15,-0.45%,3%,0,0%,0,,
5/7/15,0.38%,3%,0,0%,0,,
5/8/15,1.35%,-1%,0,0%,0,,
5/11/15,-0.51%,0%,0,0%,0,,
5/12/15,-0.29%,-2%,0,0%,0,,
5/13/15,-0.03%,0%,0,0%,0,,
5/14/15,1.08%,0%,0,0%,0,,
5/15/15,0.08%,0%,0,0%,0,,
5/18/15,0.30%,-2%,0,0%,0,,
5/19/15,-0.06%,1%,0,0%,0,,
5/20/15,-0.09%,1%,0,0%,0,,
5/21/15,0.23%,2%,0,0%,0,,
5/22/15,-0.22%,-1%,0,0%,0,,
5/26/15,-1.03%,-1%,0,0%,0,,
5/27/15,0.92%,0%,0,0%,0,,
5/28/15,-0.13%,0%,0,0%,0,,
5/29/15,-0.63%,-2%,0,0%,0,,
6/1/15,0.21%,-3%,0,0%,0,,
6/2/15,-0.10%,0%,0,0%,0,,
6/3/15,0.21%,-1%,0,0%,0,,
6/4/15,-0.86%,0%,0,0%,0,,
6/5/15,-0.14%,0%,0,0%,0,,
6/8/15,-0.65%,2%,0,0%,0,,
6/9/15,0.04%,0%,0,0%,0,,
6/10/15,1.20%,0%,0,0%,0,,
6/11/15,0.17%,0%,0,0%,0,,
6/12/15,-0.70%,1%,0,0%,0,,
6/15/15,-0.46%,7%,0,0%,0,,
6/16/15,0.57%,-1%,0,0%,0,,
6/17/15,0.20%,0%,0,0%,0,,
6/18/15,0.99%,-2%,0,0%,0,,
6/19/15,-0.53%,0%,0,0%,0,,
6/22/15,0.61%,0%,0,0%,0,,
6/23/15,0.06%,-1%,0,0%,0,,
6/24/15,-0.74%,1%,0,0%,0,,
6/25/15,-0.30%,0%,0,0%,0,,
6/26/15,-0.04%,3%,0,0%,0,,
6/29/15,-2.09%,5%,1,7%,0,,
6/30/15,0.27%,-2%,0,0%,0,,
7/1/15,0.69%,-1%,0,0%,0,,
7/2/15,-0.03%,0%,0,0%,0,,
7/6/15,-0.39%,4%,0,0%,0,,
7/7/15,0.61%,1%,0,0%,0,,
7/8/15,-1.67%,0%,0,0%,0,,
7/9/15,0.23%,5%,0,0%,0,,
7/10/15,1.23%,3%,0,0%,0,,
7/13/15,1.11%,-2%,0,0%,0,,
7/14/15,0.45%,-1%,0,0%,0,,
7/15/15,-0.07%,-2%,0,0%,0,,
7/16/15,0.80%,1%,0,0%,0,,
7/17/15,0.11%,-2%,0,0%,0,,
7/20/15,0.08%,0%,0,0%,0,,
7/21/15,-0.43%,0%,0,0%,0,,
7/22/15,-0.24%,0%,0,0%,0,,
7/23/15,-0.57%,5%,0,0%,0,,
7/24/15,-1.07%,0%,0,0%,0,,
7/27/15,-0.58%,2%,0,0%,0,,
7/28/15,1.24%,-2%,0,0%,0,,
7/29/15,0.73%,0%,0,0%,0,,
7/30/15,0.00%,-1%,0,0%,0,,
7/31/15,-0.23%,-1%,0,0%,0,,
8/3/15,-0.28%,1%,0,0%,0,,
8/4/15,-0.22%,-1%,0,0%,0,,
8/5/15,0.31%,-1%,0,0%,0,,
8/6/15,-0.78%,0%,0,0%,0,,
8/7/15,-0.29%,-7%,0,0%,0,,
8/10/15,1.28%,4%,0,0%,0,,
8/11/15,-0.96%,-1%,0,0%,0,,
8/12/15,0.10%,-2%,0,0%,0,,
8/13/15,-0.13%,1%,0,0%,0,,
8/14/15,0.39%,-2%,0,0%,0,,
8/17/15,0.52%,-5%,0,0%,0,,
8/18/15,-0.26%,-8%,0,0%,0,,
8/19/15,-0.83%,4%,0,0%,0,,
8/20/15,-2.11%,-1%,1,-1%,1,,
8/21/15,-3.19%,-1%,1,-1%,1,,
8/24/15,-3.94%,-4%,1,-1%,1,,
8/25/15,-1.35%,2%,0,0%,0,,
8/26/15,3.90%,-1%,0,0%,0,,
8/27/15,2.43%,4%,0,0%,0,,
8/28/15,0.06%,-1%,0,0%,0,,
8/31/15,-0.84%,-1%,0,0%,0,,
9/1/15,-2.96%,1%,1,5%,0,,
9/2/15,1.83%,-1%,0,0%,0,,
9/3/15,0.12%,2%,0,0%,0,,
9/4/15,-1.53%,1%,0,0%,0,,
9/8/15,2.51%,2%,0,0%,0,,
9/9/15,-1.39%,0%,0,0%,0,,
9/10/15,0.53%,1%,0,0%,0,,
9/11/15,0.45%,-2%,0,0%,0,,
9/14/15,-0.41%,-3%,0,0%,0,,
9/15/15,1.28%,0%,0,0%,0,,
9/16/15,0.87%,2%,0,0%,0,,
9/17/15,-0.26%,0%,0,0%,0,,
9/18/15,-1.62%,0%,0,0%,0,,
9/21/15,0.46%,0%,0,0%,0,,
9/22/15,-1.23%,0%,0,0%,0,,
9/23/15,-0.20%,2%,0,0%,0,,
9/24/15,-0.34%,1%,0,0%,0,,
9/25/15,-0.05%,0%,0,0%,0,,
9/28/15,-2.57%,1%,1,5%,0,,
9/29/15,0.12%,0%,0,0%,0,,
9/30/15,1.91%,0%,0,0%,0,,
10/1/15,0.20%,0%,0,0%,0,,
10/2/15,1.43%,1%,0,0%,0,,
10/5/15,1.83%,3%,0,0%,0,,
10/6/15,-0.36%,-1%,0,0%,0,,
10/7/15,0.80%,0%,0,0%,0,,
10/8/15,0.88%,1%,0,0%,0,,
10/9/15,0.07%,1%,0,0%,0,,
10/12/15,0.13%,1%,0,0%,0,,
10/13/15,-0.68%,1%,0,0%,0,,
10/14/15,-0.47%,1%,0,0%,0,,
10/15/15,1.49%,3%,0,0%,0,,
10/16/15,0.46%,3%,0,0%,0,,
10/19/15,0.03%,0%,0,0%,0,,
10/20/15,-0.14%,-1%,0,0%,0,,
10/21/15,-0.58%,3%,0,0%,0,,
10/22/15,1.66%,1%,0,0%,0,,
10/23/15,1.10%,2%,0,0%,0,,
10/26/15,-0.19%,1%,0,0%,0,,
10/27/15,-0.26%,3%,0,0%,0,,
10/28/15,1.18%,3%,0,0%,0,,
10/29/15,-0.04%,3%,0,0%,0,,
10/30/15,-0.48%,4%,0,0%,0,,
11/2/15,1.19%,10%,0,0%,0,,
11/3/15,0.27%,10%,0,0%,0,,
11/4/15,-0.35%,1%,0,0%,0,,
11/5/15,-0.11%,-5%,0,0%,0,,
11/6/15,-0.03%,-3%,0,0%,0,,
11/9/15,-0.98%,3%,0,0%,0,,
11/10/15,0.15%,-11%,0,0%,0,,
11/11/15,-0.32%,-9%,0,0%,0,,
11/12/15,-1.40%,10%,0,0%,0,,
11/13/15,-1.12%,0%,0,0%,0,,
11/16/15,1.49%,-1%,0,0%,0,,
11/17/15,-0.13%,1%,0,0%,0,,
11/18/15,1.62%,1%,0,0%,0,,
11/19/15,-0.11%,-3%,0,0%,0,,
11/20/15,0.38%,-1%,0,0%,0,,
11/23/15,-0.12%,0%,0,0%,0,,
11/24/15,0.12%,-1%,0,0%,0,,
11/25/15,-0.01%,3%,0,0%,0,,
11/27/15,0.06%,10%,0,0%,0,,
11/30/15,-0.46%,5%,0,0%,0,,
12/1/15,1.07%,-4%,0,0%,0,,
12/2/15,-1.10%,-1%,0,0%,0,,
12/3/15,-1.44%,0%,0,0%,0,,
12/4/15,2.05%,0%,0,0%,0,,
12/7/15,-0.70%,9%,0,0%,0,,
12/8/15,-0.65%,4%,0,0%,0,,
12/9/15,-0.77%,1%,0,0%,0,,
12/10/15,0.23%,0%,0,0%,0,,
12/11/15,-1.94%,8%,0,0%,0,,
12/14/15,0.48%,-2%,0,0%,0,,
12/15/15,1.06%,5%,0,0%,0,,
12/16/15,1.45%,-2%,0,0%,0,,
12/17/15,-1.50%,0%,0,0%,0,,
12/18/15,-1.78%,2%,0,0%,0,,
12/21/15,0.78%,-6%,0,0%,0,,
12/22/15,0.88%,0%,0,0%,0,,
12/23/15,1.24%,1%,0,0%,0,,
12/24/15,-0.16%,2%,0,0%,0,,
12/28/15,-0.22%,-7%,0,0%,0,,
12/29/15,1.06%,2%,0,0%,0,,
12/30/15,-0.72%,-1%,0,0%,0,,
12/31/15,-0.94%,1%,0,0%,0,,
1/4/16,-1.53%,1%,0,0%,0,,
1/5/16,0.20%,0%,0,0%,0,,
1/6/16,-1.31%,0%,0,0%,0,,
1/7/16,-2.37%,6%,1,0%,1,,
1/8/16,-1.08%,-1%,0,0%,0,,
1/11/16,0.09%,-1%,0,0%,0,,
1/12/16,0.78%,-1%,0,0%,0,,
1/13/16,-2.50%,-3%,1,-7%,0,,
1/14/16,1.67%,-1%,0,0%,0,,
1/15/16,-2.16%,-13%,1,-7%,0,,
1/19/16,0.05%,2%,0,0%,0,,
1/20/16,-1.17%,9%,0,0%,0,,
1/21/16,0.52%,-1%,0,0%,0,,
1/22/16,2.03%,-7%,0,0%,0,,
1/25/16,-1.56%,3%,0,0%,0,,
1/26/16,1.41%,-1%,0,0%,0,,
1/27/16,-1.09%,1%,0,0%,0,,
1/28/16,0.55%,-4%,0,0%,0,,
1/29/16,2.48%,0%,0,0%,0,,
2/1/16,-0.04%,-2%,0,0%,0,,
2/2/16,-1.87%,0%,0,0%,0,,
2/3/16,0.50%,-2%,0,0%,0,,
2/4/16,0.15%,6%,0,0%,0,,
2/5/16,-1.85%,-1%,0,0%,0,,
2/8/16,-1.42%,-4%,0,0%,0,,
2/9/16,-0.07%,1%,0,0%,0,,
2/10/16,-0.02%,2%,0,0%,0,,
2/11/16,-1.23%,-1%,0,0%,0,,
2/12/16,1.95%,1%,0,0%,0,,
2/16/16,1.65%,6%,0,0%,0,,
2/17/16,1.65%,3%,0,0%,0,,
2/18/16,-0.47%,1%,0,0%,0,,
2/19/16,0.00%,0%,0,0%,0,,
2/22/16,1.45%,4%,0,0%,0,,
2/23/16,-1.25%,-4%,0,0%,0,,
2/24/16,0.44%,1%,0,0%,0,,
2/25/16,1.13%,0%,0,0%,0,,
2/26/16,-0.19%,1%,0,0%,0,,
2/29/16,-0.81%,2%,0,0%,0,,
3/1/16,2.39%,0%,0,0%,0,,
3/2/16,0.41%,-2%,0,0%,0,,
3/3/16,0.35%,-1%,0,0%,0,,
3/4/16,0.33%,-2%,0,0%,0,,
3/7/16,0.09%,1%,0,0%,0,,
3/8/16,-1.12%,-1%,0,0%,0,,
3/9/16,0.51%,0%,0,0%,0,,
3/10/16,0.02%,1%,0,0%,0,,
3/11/16,1.64%,1%,0,0%,0,,
3/14/16,-0.13%,-1%,0,0%,0,,
3/15/16,-0.18%,0%,0,0%,0,,
3/16/16,0.56%,0%,0,0%,0,,
3/17/16,0.66%,1%,0,0%,0,,
3/18/16,0.44%,-2%,0,0%,0,,
3/21/16,0.10%,1%,0,0%,0,,
3/22/16,-0.09%,1%,0,0%,0,,
3/23/16,-0.64%,0%,0,0%,0,,
3/24/16,-0.04%,-1%,0,0%,0,,
3/28/16,0.05%,0%,0,0%,0,,
3/29/16,0.88%,-1%,0,0%,0,,
3/30/16,0.44%,1%,0,0%,0,,
3/31/16,-0.20%,0%,0,0%,0,,
4/1/16,0.63%,1%,0,0%,0,,
4/4/16,-0.32%,1%,0,0%,0,,
4/5/16,-1.01%,0%,0,0%,0,,
4/6/16,1.05%,0%,0,0%,0,,
4/7/16,-1.20%,-1%,0,0%,0,,
4/8/16,0.28%,0%,0,0%,0,,
4/11/16,-0.27%,2%,0,0%,0,,
4/12/16,0.97%,0%,0,0%,0,,
4/13/16,1.00%,0%,0,0%,0,,
4/14/16,0.02%,1%,0,0%,0,,
4/15/16,-0.10%,0%,0,0%,0,,
4/18/16,0.65%,1%,0,0%,0,,
4/19/16,0.31%,1%,0,0%,0,,
4/20/16,0.08%,2%,0,0%,0,,
4/21/16,-0.52%,-1%,0,0%,0,,
4/22/16,0.00%,1%,0,0%,0,,
4/25/16,-0.18%,4%,0,0%,0,,
4/26/16,0.19%,-4%,0,0%,0,,
4/27/16,0.16%,0%,0,0%,0,,
4/28/16,-0.92%,1%,0,0%,0,,
4/29/16,-0.51%,-1%,0,0%,0,,
5/2/16,0.78%,0%,0,0%,0,,
5/3/16,-0.87%,-1%,0,0%,0,,
5/4/16,-0.59%,1%,0,0%,0,,
5/5/16,-0.02%,3%,0,0%,0,,
5/6/16,0.32%,0%,0,0%,0,,
5/9/16,0.08%,-2%,0,0%,0,,
5/10/16,1.25%,1%,0,0%,0,,
5/11/16,-0.96%,0%,0,0%,0,,
5/12/16,-0.02%,0%,0,0%,0,,
5/13/16,-0.85%,0%,0,0%,0,,
5/16/16,0.98%,-1%,0,0%,0,,
5/17/16,-0.94%,0%,0,0%,0,,
5/18/16,0.02%,-3%,0,0%,0,,
5/19/16,-0.37%,0%,0,0%,0,,
5/20/16,0.60%,0%,0,0%,0,,
5/23/16,-0.21%,1%,0,0%,0,,
5/24/16,1.37%,1%,0,0%,0,,
5/25/16,0.70%,1%,0,0%,0,,
5/26/16,-0.02%,5%,0,0%,0,,
5/27/16,0.43%,11%,0,0%,0,,
5/31/16,-0.10%,3%,0,0%,0,,
6/1/16,0.11%,0%,0,0%,0,,
6/2/16,0.28%,6%,0,0%,0,,
6/3/16,-0.29%,1%,0,0%,0,,
6/6/16,0.49%,1%,0,0%,0,,
6/7/16,0.13%,1%,0,0%,0,,
6/8/16,0.33%,-1%,0,0%,0,,
6/9/16,-0.17%,1%,0,0%,0,,
6/10/16,-0.92%,2%,0,0%,0,,
6/13/16,-0.81%,16%,0,0%,0,,
6/14/16,-0.18%,1%,0,0%,0,,
6/15/16,-0.18%,10%,0,0%,0,,
6/16/16,0.31%,-2%,0,0%,0,,
6/17/16,-0.33%,1%,0,0%,0,,
6/20/16,0.58%,-11%,0,0%,0,,
6/21/16,0.27%,-12%,0,0%,0,,
6/22/16,-0.17%,5%,0,0%,0,,
6/23/16,1.34%,6%,0,0%,0,,
6/24/16,-3.59%,1%,1,6%,1,,
6/27/16,-1.81%,-3%,0,0%,0,,
6/28/16,1.78%,-1%,0,0%,0,,
6/29/16,1.70%,5%,0,0%,0,,
6/30/16,1.36%,1%,0,0%,0,,
7/1/16,0.19%,3%,0,0%,0,,
7/5/16,-0.68%,-4%,0,0%,0,,
7/6/16,0.54%,-6%,0,0%,0,,
7/7/16,-0.09%,4%,0,0%,0,,
7/8/16,1.53%,-2%,0,0%,0,,
7/11/16,0.34%,3%,0,0%,0,,
7/12/16,0.70%,-1%,0,0%,0,,
7/13/16,0.01%,-1%,0,0%,0,,
7/14/16,0.53%,1%,0,0%,0,,
7/15/16,-0.09%,-1%,0,0%,0,,
7/18/16,0.24%,2%,0,0%,0,,
7/19/16,-0.14%,-1%,0,0%,0,,
7/20/16,0.43%,0%,0,0%,0,,
7/21/16,-0.36%,-2%,0,0%,0,,
7/22/16,0.46%,1%,0,0%,0,,
7/25/16,-0.30%,0%,0,0%,0,,
7/26/16,0.03%,0%,0,0%,0,,
7/27/16,-0.12%,0%,0,0%,0,,
7/28/16,0.16%,0%,0,0%,0,,
7/29/16,0.16%,0%,0,0%,0,,
8/1/16,-0.13%,-22%,0,0%,0,,
8/2/16,-0.64%,10%,0,0%,0,,
8/3/16,0.31%,2%,0,0%,0,,
8/4/16,0.02%,0%,0,0%,0,,
8/5/16,0.86%,2%,0,0%,0,,
8/8/16,-0.09%,0%,0,0%,0,,
8/9/16,0.04%,1%,0,0%,0,,
8/10/16,-0.29%,-1%,0,0%,0,,
8/11/16,0.47%,0%,0,0%,0,,
8/12/16,-0.08%,0%,0,0%,0,,
8/15/16,0.28%,-1%,0,0%,0,,
8/16/16,-0.55%,-1%,0,0%,0,,
8/17/16,0.19%,0%,0,0%,0,,
8/18/16,0.22%,0%,0,0%,0,,
8/19/16,-0.14%,1%,0,0%,0,,
8/22/16,-0.06%,0%,0,0%,0,,
8/23/16,0.20%,-1%,0,0%,0,,
8/24/16,-0.52%,0%,0,0%,0,,
8/25/16,-0.14%,0%,0,0%,0,,
8/26/16,-0.16%,-2%,0,0%,0,,
8/29/16,0.52%,1%,0,0%,0,,
8/30/16,-0.20%,-1%,0,0%,0,,
8/31/16,-0.24%,0%,0,0%,0,,
9/1/16,0.00%,1%,0,0%,0,,
9/2/16,0.42%,4%,0,0%,0,,
9/6/16,0.30%,2%,0,0%,0,,
9/7/16,-0.01%,2%,0,0%,0,,
9/8/16,-0.22%,0%,0,0%,0,,
9/9/16,-2.45%,0%,1,-3%,0,,
9/12/16,1.47%,-3%,0,0%,0,,
9/13/16,-1.48%,0%,0,0%,0,,
9/14/16,-0.06%,0%,0,0%,0,,
9/15/16,1.01%,0%,0,0%,0,,
9/16/16,-0.38%,0%,0,0%,0,,
9/19/16,0.00%,0%,0,0%,0,,
9/20/16,0.03%,-2%,0,0%,0,,
9/21/16,1.09%,0%,0,0%,0,,
9/22/16,0.65%,1%,0,0%,0,,
9/23/16,-0.57%,0%,0,0%,0,,
9/26/16,-0.86%,0%,0,0%,0,,
9/27/16,0.64%,0%,0,0%,0,,
9/28/16,0.53%,0%,0,0%,0,,
9/29/16,-0.93%,1%,0,0%,0,,
9/30/16,0.80%,1%,0,0%,0,,
10/3/16,-0.33%,-1%,0,0%,0,,
10/4/16,-0.50%,0%,0,0%,0,,
10/5/16,0.43%,0%,0,0%,0,,
10/6/16,0.05%,1%,0,0%,0,,
10/7/16,-0.33%,0%,0,0%,0,,
10/10/16,0.46%,4%,0,0%,0,,
10/11/16,-1.24%,-1%,0,0%,0,,
10/12/16,0.11%,0%,0,0%,0,,
10/13/16,-0.31%,0%,0,0%,0,,
10/14/16,0.02%,0%,0,0%,0,,
10/17/16,-0.30%,0%,0,0%,0,,
10/18/16,0.62%,-1%,0,0%,0,,
10/19/16,0.22%,0%,0,0%,0,,
10/20/16,-0.14%,0%,0,0%,0,,
10/21/16,-0.01%,4%,0,0%,0,,
10/24/16,0.47%,-1%,0,0%,0,,
10/25/16,-0.38%,4%,0,0%,0,,
10/26/16,-0.17%,1%,0,0%,0,,
10/27/16,-0.30%,1%,0,0%,0,,
10/28/16,-0.31%,4%,0,0%,0,,
10/31/16,-0.01%,-2%,0,0%,0,,
11/1/16,-0.68%,4%,0,0%,0,,
11/2/16,-0.65%,1%,0,0%,0,,
11/3/16,-0.44%,-7%,0,0%,0,,
11/4/16,-0.17%,3%,0,0%,0,,
11/7/16,2.22%,0%,0,0%,0,,
11/8/16,0.38%,1%,0,0%,0,,
11/9/16,1.11%,1%,0,0%,0,,
11/10/16,0.20%,-1%,0,0%,0,,
11/11/16,-0.14%,0%,0,0%,0,,
11/14/16,-0.01%,-1%,0,0%,0,,
11/15/16,0.75%,1%,0,0%,0,,
11/16/16,-0.16%,4%,0,0%,0,,
11/17/16,0.47%,0%,0,0%,0,,
11/18/16,-0.24%,1%,0,0%,0,,
11/21/16,0.75%,-1%,0,0%,0,,
11/22/16,0.22%,2%,0,0%,0,,
11/23/16,0.08%,-1%,0,0%,0,,
11/25/16,0.39%,0%,0,0%,0,,
11/28/16,-0.53%,-1%,0,0%,0,,
11/29/16,0.13%,0%,0,0%,0,,
11/30/16,-0.27%,1%,0,0%,0,,
12/1/16,-0.35%,1%,0,0%,0,,
12/2/16,0.04%,2%,0,0%,0,,
12/5/16,0.58%,-2%,0,0%,0,,
12/6/16,0.34%,1%,0,0%,0,,
12/7/16,1.32%,1%,0,0%,0,,
12/8/16,0.22%,0%,0,0%,0,,
12/9/16,0.59%,0%,0,0%,0,,
12/12/16,-0.11%,1%,0,0%,0,,
12/13/16,0.65%,0%,0,0%,0,,
12/14/16,-0.81%,0%,0,0%,0,,
12/15/16,0.39%,0%,0,0%,0,,
12/16/16,-0.18%,1%,0,0%,0,,
12/19/16,0.20%,1%,0,0%,0,,
12/20/16,0.36%,1%,0,0%,0,,
12/21/16,-0.25%,4%,0,0%,0,,
12/22/16,-0.19%,4%,0,0%,0,,
12/23/16,0.13%,7%,0,0%,0,,
12/27/16,0.22%,1%,0,0%,0,,
12/28/16,-0.84%,5%,0,0%,0,,
12/29/16,-0.03%,0%,0,0%,0,,
12/30/16,-0.46%,-1%,0,0%,0,,
1/3/17,0.85%,8%,0,0%,0,,
1/4/17,0.57%,10%,0,0%,0,,
1/5/17,-0.08%,-13%,0,0%,0,,
1/6/17,0.35%,-10%,0,0%,0,,
1/9/17,-0.35%,2%,0,0%,0,,
1/10/17,0.00%,1%,0,0%,0,,
1/11/17,0.28%,-13%,0,0%,0,,
1/12/17,-0.21%,3%,0,0%,0,,
1/13/17,0.18%,2%,0,0%,0,,
1/17/17,-0.30%,9%,0,0%,0,,
1/18/17,0.18%,-3%,0,0%,0,,
1/19/17,-0.36%,3%,0,0%,0,,
1/20/17,0.34%,0%,0,0%,0,,
1/23/17,-0.27%,3%,0,0%,0,,
1/24/17,0.66%,-3%,0,0%,0,,
1/25/17,0.80%,0%,0,0%,0,,
1/26/17,-0.07%,2%,0,0%,0,,
1/27/17,-0.09%,0%,0,0%,0,,
1/30/17,-0.60%,0%,0,0%,0,,
1/31/17,-0.09%,5%,0,0%,0,,
2/1/17,0.03%,2%,0,0%,0,,
2/2/17,0.06%,2%,0,0%,0,,
2/3/17,0.73%,1%,0,0%,0,,
2/6/17,-0.21%,1%,0,0%,0,,
2/7/17,0.02%,2%,0,0%,0,,
2/8/17,0.07%,1%,0,0%,0,,
2/9/17,0.58%,-7%,0,0%,0,,
2/10/17,0.36%,2%,0,0%,0,,
2/13/17,0.52%,0%,0,0%,0,,
2/14/17,0.40%,1%,0,0%,0,,
2/15/17,0.50%,0%,0,0%,0,,
2/16/17,-0.09%,2%,0,0%,0,,
2/17/17,0.17%,2%,0,0%,0,,
2/21/17,0.60%,7%,0,0%,0,,
2/22/17,-0.11%,0%,0,0%,0,,
2/23/17,0.04%,5%,0,0%,0,,
2/24/17,0.15%,0%,0,0%,0,,
2/27/17,0.10%,1%,0,0%,0,,
2/28/17,-0.26%,0%,0,0%,0,,
3/1/17,1.37%,3%,0,0%,0,,
3/2/17,-0.59%,3%,0,0%,0,,
3/3/17,0.05%,2%,0,0%,0,,
3/6/17,-0.33%,0%,0,0%,0,,
3/7/17,-0.29%,-3%,0,0%,0,,
3/8/17,-0.23%,-7%,0,0%,0,,
3/9/17,0.08%,4%,0,0%,0,,
3/10/17,0.33%,-7%,0,0%,0,,
3/13/17,0.04%,11%,0,0%,0,,
3/14/17,-0.34%,0%,0,0%,0,,
3/15/17,0.84%,1%,0,0%,0,,
3/16/17,-0.16%,-6%,0,0%,0,,
3/17/17,-0.13%,-9%,0,0%,0,,
3/20/17,-0.20%,-2%,0,0%,0,,
3/21/17,-1.24%,7%,0,0%,0,,
3/22/17,0.19%,-7%,0,0%,0,,
3/23/17,-0.11%,-1%,0,0%,0,,
3/24/17,-0.08%,-9%,0,0%,0,,
3/27/17,-0.10%,11%,0,0%,0,,
3/28/17,0.73%,0%,0,0%,0,,
3/29/17,0.11%,0%,0,0%,0,,
3/30/17,0.29%,4%,0,0%,0,,
3/31/17,-0.23%,1%,0,0%,0,,
4/3/17,-0.16%,5%,0,0%,0,,
4/4/17,0.06%,-1%,0,0%,0,,
4/5/17,-0.31%,5%,0,0%,0,,
4/6/17,0.19%,0%,0,0%,0,,
4/7/17,-0.08%,-1%,0,0%,0,,
4/10/17,0.07%,3%,0,0%,0,,
4/11/17,-0.14%,-1%,0,0%,0,,
4/12/17,-0.38%,-3%,0,0%,0,,
4/13/17,-0.68%,0%,0,0%,0,,
4/17/17,0.86%,2%,0,0%,0,,
4/18/17,-0.29%,1%,0,0%,0,,
4/19/17,-0.17%,2%,0,0%,0,,
4/20/17,0.76%,1%,0,0%,0,,
4/21/17,-0.30%,-1%,0,0%,0,,
4/24/17,1.08%,2%,0,0%,0,,
4/25/17,0.61%,2%,0,0%,0,,
4/26/17,-0.05%,4%,0,0%,0,,
4/27/17,0.06%,0%,0,0%,0,,
4/28/17,-0.19%,1%,0,0%,0,,
5/1/17,0.17%,8%,0,0%,0,,
5/2/17,0.12%,3%,0,0%,0,,
5/3/17,-0.13%,2%,0,0%,0,,
5/4/17,0.06%,-1%,0,0%,0,,
5/5/17,0.41%,2%,0,0%,0,,
5/8/17,0.00%,10%,0,0%,0,,
5/9/17,-0.10%,3%,0,0%,0,,
5/10/17,0.11%,4%,0,0%,0,,
5/11/17,-0.22%,-7%,0,0%,0,,
5/12/17,-0.15%,5%,0,0%,0,,
5/15/17,0.48%,-2%,0,0%,0,,
5/16/17,-0.07%,4%,0,0%,0,,
5/17/17,-1.82%,4%,0,0%,0,,
5/18/17,0.37%,4%,0,0%,0,,
5/19/17,0.68%,4%,0,0%,0,,
5/22/17,0.52%,11%,0,0%,0,,
5/23/17,0.18%,8%,0,0%,0,,
5/24/17,0.25%,-6%,0,0%,0,,
5/25/17,0.44%,-3%,0,0%,0,,
5/26/17,0.03%,-9%,0,0%,0,,
5/30/17,-0.12%,12%,0,0%,0,,
5/31/17,-0.05%,5%,0,0%,0,,
6/1/17,0.76%,3%,0,0%,0,,
6/2/17,0.37%,2%,0,0%,0,,
6/5/17,-0.12%,13%,0,0%,0,,
6/6/17,-0.28%,-6%,0,0%,0,,
6/7/17,0.16%,4%,0,0%,0,,
6/8/17,0.03%,0%,0,0%,0,,
6/9/17,-0.08%,3%,0,0%,0,,
6/12/17,-0.10%,-6%,0,0%,0,,
6/13/17,0.45%,-9%,0,0%,0,,
6/14/17,-0.10%,-1%,0,0%,0,,
6/15/17,-0.22%,3%,0,0%,0,,
6/16/17,0.03%,6%,0,0%,0,,
6/19/17,0.83%,4%,0,0%,0,,
6/20/17,-0.67%,-3%,0,0%,0,,
6/21/17,-0.06%,2%,0,0%,0,,
6/22/17,-0.05%,0%,0,0%,0,,
6/23/17,0.16%,-4%,0,0%,0,,
6/26/17,0.03%,0%,0,0%,0,,
6/27/17,-0.81%,0%,0,0%,0,,
6/28/17,0.88%,-1%,0,0%,0,,
6/29/17,-0.86%,-3%,0,0%,0,,
6/30/17,0.15%,-2%,0,0%,0,,
7/3/17,0.23%,8%,0,0%,0,,
7/5/17,0.15%,0%,0,0%,0,,
7/6/17,-0.94%,-4%,0,0%,0,,
7/7/17,0.64%,2%,0,0%,0,,
7/10/17,0.09%,-9%,0,0%,0,,
7/11/17,-0.08%,3%,0,0%,0,,
7/12/17,0.73%,-2%,0,0%,0,,
7/13/17,0.19%,-5%,0,0%,0,,
7/14/17,0.47%,-12%,0,0%,0,,
7/17/17,-0.01%,17%,0,0%,0,,
7/18/17,0.06%,-2%,0,0%,0,,
7/19/17,0.54%,26%,0,0%,0,,
7/20/17,-0.02%,-7%,0,0%,0,,
7/21/17,-0.04%,6%,0,0%,0,,
7/24/17,-0.11%,-9%,0,0%,0,,
7/25/17,0.29%,-1%,0,0%,0,,
7/26/17,0.03%,5%,0,0%,0,,
7/27/17,-0.10%,4%,0,0%,0,,
7/28/17,-0.13%,-3%,0,0%,0,,
7/31/17,-0.07%,0%,0,0%,0,,
8/1/17,0.24%,-1%,0,0%,0,,
8/2/17,0.05%,3%,0,0%,0,,
8/3/17,-0.22%,2%,0,0%,0,,
8/4/17,0.19%,13%,0,0%,0,,
8/7/17,0.16%,5%,0,0%,0,,
8/8/17,-0.24%,-2%,0,0%,0,,
8/9/17,-0.04%,2%,0,0%,0,,
8/10/17,-1.45%,7%,0,0%,0,,
8/11/17,0.13%,6%,0,0%,0,,
8/14/17,1.00%,7%,0,0%,0,,
8/15/17,-0.05%,5%,0,0%,0,,
8/16/17,0.14%,-2%,0,0%,0,,
8/17/17,-1.54%,-4%,0,0%,0,,
8/18/17,-0.18%,1%,0,0%,0,,
8/21/17,0.12%,-1%,0,0%,0,,
8/22/17,0.99%,1%,0,0%,0,,
8/23/17,-0.35%,4%,0,0%,0,,
8/24/17,-0.21%,1%,0,0%,0,,
8/25/17,0.17%,0%,0,0%,0,,
8/28/17,0.05%,6%,0,0%,0,,
8/29/17,0.08%,0%,0,0%,0,,
8/30/17,0.46%,3%,0,0%,0,,
8/31/17,0.57%,4%,0,0%,0,,
9/1/17,0.20%,-7%,0,0%,0,,
9/5/17,-0.76%,1%,0,0%,0,,
9/6/17,0.31%,0%,0,0%,0,,
9/7/17,-0.02%,-7%,0,0%,0,,
9/8/17,-0.15%,0%,0,0%,0,,
9/11/17,1.08%,-4%,0,0%,0,,
9/12/17,0.34%,-7%,0,0%,0,,
9/13/17,0.08%,-16%,0,0%,0,,
9/14/17,-0.11%,15%,0,0%,0,,
9/15/17,0.18%,0%,0,0%,0,,
9/18/17,0.15%,6%,0,0%,0,,
9/19/17,0.11%,-1%,0,0%,0,,
9/20/17,0.06%,-7%,0,0%,0,,
9/21/17,-0.30%,0%,0,0%,0,,
9/22/17,0.06%,5%,0,0%,0,,
9/25/17,-0.22%,3%,0,0%,0,,
9/26/17,0.01%,8%,0,0%,0,,
9/27/17,0.41%,0%,0,0%,0,,
9/28/17,0.12%,-1%,0,0%,0,,
9/29/17,0.37%,5%,0,0%,0,,
10/2/17,0.39%,-1%,0,0%,0,,
10/3/17,0.22%,-2%,0,0%,0,,
10/4/17,0.12%,2%,0,0%,0,,
10/5/17,0.56%,1%,0,0%,0,,
10/6/17,-0.11%,1%,0,0%,0,,
10/9/17,-0.18%,7%,0,0%,0,,
10/10/17,0.23%,1%,0,0%,0,,
10/11/17,0.18%,13%,0,0%,0,,
10/12/17,-0.17%,4%,0,0%,0,,
10/13/17,0.09%,3%,0,0%,0,,
10/16/17,0.18%,-4%,0,0%,0,,
10/17/17,0.07%,0%,0,0%,0,,
10/18/17,0.07%,2%,0,0%,0,,
10/19/17,0.03%,5%,0,0%,0,,
10/20/17,0.51%,0%,0,0%,0,,
10/23/17,-0.40%,-8%,0,0%,0,,
10/24/17,0.16%,4%,0,0%,0,,
10/25/17,-0.47%,3%,0,0%,0,,
10/26/17,0.13%,-2%,0,0%,0,,
10/27/17,0.81%,-1%,0,0%,0,,
10/30/17,-0.32%,7%,0,0%,0,,
10/31/17,0.09%,5%,0,0%,0,,
11/1/17,0.16%,4%,0,0%,0,,
11/2/17,0.02%,4%,0,0%,0,,
11/3/17,0.31%,2%,0,0%,0,,
11/6/17,0.13%,-3%,0,0%,0,,
11/7/17,-0.02%,2%,0,0%,0,,
11/8/17,0.14%,5%,0,0%,0,,
11/9/17,-0.38%,-4%,0,0%,0,,
11/10/17,-0.09%,-8%,0,0%,0,,
11/13/17,0.10%,-1%,0,0%,0,,
11/14/17,-0.23%,1%,0,0%,0,,
11/15/17,-0.55%,10%,0,0%,0,,
11/16/17,0.82%,8%,0,0%,0,,
11/17/17,-0.26%,-2%,0,0%,0,,
11/20/17,0.13%,7%,0,0%,0,,
11/21/17,0.65%,-2%,0,0%,0,,
11/22/17,-0.08%,2%,0,0%,0,,
11/24/17,0.21%,0%,0,0%,0,,
11/27/17,-0.04%,19%,0,0%,0,,
11/28/17,0.98%,2%,0,0%,0,,
11/29/17,-0.04%,-1%,0,0%,0,,
11/30/17,0.82%,1%,0,0%,0,,
12/1/17,-0.20%,9%,0,0%,0,,
12/4/17,-0.11%,7%,0,0%,0,,
12/5/17,-0.37%,0%,0,0%,0,,
12/6/17,-0.01%,18%,0,0%,0,,
12/7/17,0.29%,23%,0,0%,0,,
12/8/17,0.55%,-5%,0,0%,0,,
12/11/17,0.32%,4%,0,0%,0,,
12/12/17,0.15%,2%,0,0%,0,,
12/13/17,-0.05%,-5%,0,0%,0,,
12/14/17,-0.41%,1%,0,0%,0,,
12/15/17,0.90%,7%,0,0%,0,,
12/18/17,0.54%,8%,0,0%,0,,
12/19/17,-0.32%,-8%,0,0%,0,,
12/20/17,-0.08%,-6%,0,0%,0,,
12/21/17,0.20%,-5%,0,0%,0,,
12/22/17,-0.05%,-13%,0,0%,0,,
12/26/17,-0.11%,15%,0,0%,0,,
12/27/17,0.08%,-2%,0,0%,0,,
12/28/17,0.18%,-7%,0,0%,0,,
12/29/17,-0.52%,0%,0,0%,0,,
1/2/18,0.83%,3%,0,0%,0,,
1/3/18,0.64%,3%,0,0%,0,,
1/4/18,0.40%,0%,0,0%,0,,
1/5/18,0.70%,12%,0,0%,0,,
1/8/18,0.17%,-12%,0,0%,0,,
1/9/18,0.13%,-3%,0,0%,0,,
1/10/18,-0.11%,3%,0,0%,0,,
1/11/18,0.70%,-11%,0,0%,0,,
1/12/18,0.67%,4%,0,0%,0,,
1/16/18,-0.35%,-18%,0,0%,0,,
1/17/18,0.94%,-1%,0,0%,0,,
1/18/18,-0.16%,0%,0,0%,0,,
1/19/18,0.44%,3%,0,0%,0,,
1/22/18,0.81%,-6%,0,0%,0,,
1/23/18,0.22%,0%,0,0%,0,,
1/24/18,-0.06%,5%,0,0%,0,,
1/25/18,0.06%,-2%,0,0%,0,,
1/26/18,1.18%,-1%,0,0%,0,,
1/29/18,-0.67%,1%,0,0%,0,,
1/30/18,-1.09%,-10%,0,0%,0,,
1/31/18,0.05%,1%,0,0%,0,,
2/1/18,-0.06%,-11%,0,0%,0,,
2/2/18,-2.12%,-3%,1,-1%,1,,
2/5/18,-4.10%,-22%,1,4%,0,,
2/6/18,1.74%,11%,0,0%,0,,
2/7/18,-0.50%,-1%,0,0%,0,,
2/8/18,-3.75%,9%,1,29%,0,,
2/9/18,1.49%,5%,0,0%,0,,
2/12/18,1.39%,2%,0,0%,0,,
2/13/18,0.26%,-4%,0,0%,0,,
2/14/18,1.34%,11%,0,0%,0,,
2/15/18,1.21%,6%,0,0%,0,,
2/16/18,0.04%,2%,0,0%,0,,
2/20/18,-0.58%,10%,0,0%,0,,
2/21/18,-0.55%,-7%,0,0%,0,,
2/22/18,0.10%,-6%,0,0%,0,,
2/23/18,1.60%,3%,0,0%,0,,
2/26/18,1.18%,1%,0,0%,0,,
2/27/18,-1.27%,3%,0,0%,0,,
2/28/18,-1.11%,-2%,0,0%,0,,
3/1/18,-1.33%,6%,0,0%,0,,
3/2/18,0.51%,1%,0,0%,0,,
3/5/18,1.10%,4%,0,0%,0,,
3/6/18,0.26%,-6%,0,0%,0,,
3/7/18,-0.05%,-8%,0,0%,0,,
3/8/18,0.45%,-6%,0,0%,0,,
3/9/18,1.74%,-1%,0,0%,0,,
3/12/18,-0.13%,-1%,0,0%,0,,
3/13/18,-0.64%,0%,0,0%,0,,
3/14/18,-0.57%,-10%,0,0%,0,,
3/15/18,-0.08%,1%,0,0%,0,,
3/16/18,0.17%,0%,0,0%,0,,
3/19/18,-1.42%,4%,0,0%,0,,
3/20/18,0.15%,3%,0,0%,0,,
3/21/18,-0.18%,0%,0,0%,0,,
3/22/18,-2.52%,-2%,1,-25%,1,,
3/23/18,-2.10%,2%,1,-14%,0,,
3/26/18,2.72%,-13%,0,0%,0,,
3/27/18,-1.73%,2%,0,0%,0,,
3/28/18,-0.29%,-11%,0,0%,0,,
3/29/18,1.38%,-4%,0,0%,0,,
4/2/18,-2.23%,8%,1,1%,0,,
4/3/18,1.26%,-8%,0,0%,0,,
4/4/18,1.16%,0%,0,0%,0,,
4/5/18,0.69%,-2%,0,0%,0,,
4/6/18,-2.19%,4%,1,20%,0,,
4/9/18,0.33%,-1%,0,0%,0,,
4/10/18,1.67%,2%,0,0%,0,,
4/11/18,-0.55%,14%,0,0%,0,,
4/12/18,0.83%,0%,0,0%,0,,
4/13/18,-0.29%,2%,0,0%,0,,
4/16/18,0.81%,-1%,0,0%,0,,
4/17/18,1.07%,3%,0,0%,0,,
4/18/18,0.08%,1%,0,0%,0,,
4/19/18,-0.57%,7%,0,0%,0,,
4/20/18,-0.85%,1%,0,0%,0,,
4/23/18,0.01%,8%,0,0%,0,,
4/24/18,-1.34%,-8%,0,0%,0,,
4/25/18,0.18%,5%,0,0%,0,,
4/26/18,1.04%,-4%,0,0%,0,,
4/27/18,0.11%,5%,0,0%,0,,
4/30/18,-0.82%,-3%,0,0%,0,,
5/1/18,0.25%,2%,0,0%,0,,
5/2/18,-0.72%,6%,0,0%,0,,
5/3/18,-0.23%,0%,0,0%,0,,
5/4/18,1.28%,2%,0,0%,0,,
5/7/18,0.35%,-7%,0,0%,0,,
5/8/18,-0.03%,1%,0,0%,0,,
5/9/18,0.97%,-3%,0,0%,0,,
5/10/18,0.94%,-7%,0,0%,0,,
5/11/18,0.17%,1%,0,0%,0,,
5/14/18,0.09%,0%,0,0%,0,,
5/15/18,-0.68%,-2%,0,0%,0,,
5/16/18,0.41%,-3%,0,0%,0,,
5/17/18,-0.09%,2%,0,0%,0,,
5/18/18,-0.26%,0%,0,0%,0,,
5/21/18,0.74%,-3%,0,0%,0,,
5/22/18,-0.31%,-6%,0,0%,0,,
5/23/18,0.32%,1%,0,0%,0,,
5/24/18,-0.20%,-1%,0,0%,0,,
5/25/18,-0.24%,-2%,0,0%,0,,
5/29/18,-1.16%,1%,0,0%,0,,
5/30/18,1.27%,1%,0,0%,0,,
5/31/18,-0.69%,0%,0,0%,0,,
6/1/18,1.08%,1%,0,0%,0,,
6/4/18,0.45%,0%,0,0%,0,,
6/5/18,0.07%,0%,0,0%,0,,
6/6/18,0.86%,1%,0,0%,0,,
6/7/18,-0.07%,-1%,0,0%,0,,
6/8/18,0.31%,-1%,0,0%,0,,
6/11/18,0.11%,-13%,0,0%,0,,
6/12/18,0.17%,-4%,0,0%,0,,
6/13/18,-0.40%,5%,0,0%,0,,
6/14/18,0.25%,-4%,0,0%,0,,
6/15/18,-0.10%,2%,0,0%,0,,
6/18/18,-0.21%,4%,0,0%,0,,
6/19/18,-0.40%,0%,0,0%,0,,
6/20/18,0.17%,-1%,0,0%,0,,
6/21/18,-0.63%,-10%,0,0%,0,,
6/22/18,0.19%,2%,0,0%,0,,
6/25/18,-1.37%,-1%,0,0%,0,,
6/26/18,0.22%,1%,0,0%,0,,
6/27/18,-0.86%,-4%,0,0%,0,,
6/28/18,0.62%,6%,0,0%,0,,
6/29/18,0.08%,3%,0,0%,0,,
7/2/18,0.31%,2%,0,0%,0,,
7/3/18,-0.49%,1%,0,0%,0,,
7/5/18,0.86%,0%,0,0%,0,,
7/6/18,0.85%,2%,0,0%,0,,
7/9/18,0.88%,-7%,0,0%,0,,
7/10/18,0.35%,1%,0,0%,0,,
7/11/18,-0.71%,-2%,0,0%,0,,
7/12/18,0.87%,0%,0,0%,0,,
7/13/18,0.11%,1%,0,0%,0,,
7/16/18,-0.10%,17%,0,0%,0,,
7/17/18,0.40%,1%,0,0%,0,,
7/18/18,0.22%,1%,0,0%,0,,
7/19/18,-0.40%,-2%,0,0%,0,,
7/20/18,-0.09%,1%,0,0%,0,,
7/23/18,0.18%,13%,0,0%,0,,
7/24/18,0.48%,-3%,0,0%,0,,
7/25/18,0.91%,-3%,0,0%,0,,
7/26/18,-0.30%,3%,0,0%,0,,
7/27/18,-0.66%,1%,0,0%,0,,
7/30/18,-0.58%,-6%,0,0%,0,,
7/31/18,0.49%,-2%,0,0%,0,,
8/1/18,-0.10%,-1%,0,0%,0,,
8/2/18,0.49%,-2%,0,0%,0,,
8/3/18,0.46%,-5%,0,0%,0,,
8/6/18,0.35%,-4%,0,0%,0,,
8/7/18,0.28%,-7%,0,0%,0,,
8/8/18,-0.03%,4%,0,0%,0,,
8/9/18,-0.14%,-6%,0,0%,0,,
8/10/18,-0.71%,1%,0,0%,0,,
8/13/18,-0.40%,-1%,0,0%,0,,
8/14/18,0.64%,1%,0,0%,0,,
8/15/18,-0.76%,1%,0,0%,0,,
8/16/18,0.79%,4%,0,0%,0,,
8/17/18,0.33%,-3%,0,0%,0,,
8/20/18,0.24%,1%,0,0%,0,,
8/21/18,0.21%,-2%,0,0%,0,,
8/22/18,-0.04%,3%,0,0%,0,,
8/23/18,-0.17%,3%,0,0%,0,,
8/24/18,0.62%,1%,0,0%,0,,
8/27/18,0.77%,5%,0,0%,0,,
8/28/18,0.03%,-1%,0,0%,0,,
8/29/18,0.57%,-1%,0,0%,0,,
8/30/18,-0.44%,0%,0,0%,0,,
8/31/18,0.01%,3%,0,0%,0,,
9/4/18,-0.17%,-7%,0,0%,0,,
9/5/18,-0.28%,-3%,0,0%,0,,
9/6/18,-0.37%,-2%,0,0%,0,,
9/7/18,-0.22%,-3%,0,0%,0,,
9/10/18,0.19%,2%,0,0%,0,,
9/11/18,0.37%,1%,0,0%,0,,
9/12/18,0.04%,2%,0,0%,0,,
9/13/18,0.53%,0%,0,0%,0,,
9/14/18,0.03%,1%,0,0%,0,,
9/17/18,-0.56%,-3%,0,0%,0,,
9/18/18,0.54%,1%,0,0%,0,,
9/19/18,0.13%,2%,0,0%,0,,
9/20/18,0.78%,4%,0,0%,0,,
9/21/18,-0.04%,-1%,0,0%,0,,
9/24/18,-0.35%,-4%,0,0%,0,,
9/25/18,-0.13%,0%,0,0%,0,,
9/26/18,-0.33%,3%,0,0%,0,,
9/27/18,0.28%,-1%,0,0%,0,,
9/28/18,0.00%,0%,0,0%,0,,
10/1/18,0.36%,-1%,0,0%,0,,
10/2/18,-0.04%,-1%,0,0%,0,,
10/3/18,0.07%,1%,0,0%,0,,
10/4/18,-0.82%,1%,0,0%,0,,
10/5/18,-0.55%,-1%,0,0%,0,,
10/8/18,-0.04%,1%,0,0%,0,,
10/9/18,-0.14%,-1%,0,0%,0,,
10/10/18,-3.29%,-6%,1,-1%,1,,
10/11/18,-2.06%,1%,1,4%,0,,
10/12/18,1.42%,0%,0,0%,0,,
10/15/18,-0.59%,5%,0,0%,0,,
10/16/18,2.15%,0%,0,0%,0,,
10/17/18,-0.03%,-1%,0,0%,0,,
10/18/18,-1.44%,0%,0,0%,0,,
10/19/18,-0.04%,0%,0,0%,0,,
10/22/18,-0.43%,0%,0,0%,0,,
10/23/18,-0.55%,0%,0,0%,0,,
10/24/18,-3.09%,0%,1,-2%,0,,
10/25/18,1.86%,0%,0,0%,0,,
10/26/18,-1.73%,0%,0,0%,0,,
10/29/18,-0.66%,-2%,0,0%,0,,
10/30/18,1.57%,0%,0,0%,0,,
10/31/18,1.09%,1%,0,0%,0,,
11/1/18,1.06%,1%,0,0%,0,,
11/2/18,-0.63%,0%,0,0%,0,,
11/5/18,0.56%,1%,0,0%,0,,
11/6/18,0.63%,1%,0,0%,0,,
11/7/18,2.12%,1%,0,0%,0,,
11/8/18,-0.25%,-1%,0,0%,0,,
11/9/18,-0.92%,-1%,0,0%,0,,
11/12/18,-1.97%,0%,0,0%,0,,
11/13/18,-0.15%,-1%,0,0%,0,,
11/14/18,-0.76%,-9%,0,0%,0,,
11/15/18,1.06%,-2%,0,0%,0,,
11/16/18,0.22%,-1%,0,0%,0,,
11/19/18,-1.66%,-14%,0,0%,0,,
11/20/18,-1.82%,-8%,0,0%,0,,
11/21/18,0.30%,3%,0,0%,0,,
11/23/18,-0.66%,-5%,0,0%,0,,
11/26/18,1.55%,-13%,0,0%,0,,
11/27/18,0.33%,1%,0,0%,0,,
11/28/18,2.30%,12%,0,0%,0,,
11/29/18,-0.22%,1%,0,0%,0,,
11/30/18,0.82%,-6%,0,0%,0,,
12/3/18,1.09%,-3%,0,0%,0,,
12/4/18,-3.24%,2%,1,-10%,0,,
12/6/18,-0.15%,-12%,0,0%,0,,
12/7/18,-2.33%,-2%,1,-7%,0,,
12/10/18,0.18%,1%,0,0%,0,,
12/11/18,-0.04%,-2%,0,0%,0,,
12/12/18,0.54%,2%,0,0%,0,,
12/13/18,-0.02%,-5%,0,0%,0,,
12/14/18,-1.91%,-2%,0,0%,0,,
12/17/18,-2.08%,10%,1,25%,0,,
12/18/18,0.01%,5%,0,0%,0,,
12/19/18,-1.54%,1%,0,0%,0,,
12/20/18,-1.58%,11%,0,0%,0,,
12/21/18,-2.06%,-6%,1,-9%,1,,
12/24/18,-2.71%,5%,1,3%,0,,
12/26/18,4.96%,-6%,0,0%,0,,
12/27/18,0.86%,-5%,0,0%,0,,
12/28/18,-0.12%,8%,0,0%,0,,
12/31/18,0.85%,-5%,0,0%,0,,
1/2/19,0.13%,6%,0,0%,0,,
1/3/19,-2.48%,-3%,1,-7%,0,,
1/4/19,3.43%,1%,0,0%,0,,
1/7/19,0.70%,5%,0,0%,0,,
1/8/19,0.97%,0%,0,0%,0,,
1/9/19,0.41%,0%,0,0%,0,,
1/10/19,0.45%,-9%,0,0%,0,,
1/11/19,-0.01%,0%,0,0%,0,,
1/14/19,-0.53%,1%,0,0%,0,,
1/15/19,1.07%,-2%,0,0%,0,,
1/16/19,0.22%,1%,0,0%,0,,
1/17/19,0.76%,1%,0,0%,0,,
1/18/19,1.32%,-1%,0,0%,0,,
1/22/19,-1.42%,-1%,0,0%,0,,
1/23/19,0.22%,-1%,0,0%,0,,
1/24/19,0.14%,1%,0,0%,0,,
1/25/19,0.85%,0%,0,0%,0,,
1/28/19,-0.78%,-4%,0,0%,0,,
1/29/19,-0.15%,-1%,0,0%,0,,
1/30/19,1.55%,1%,0,0%,0,,
1/31/19,0.86%,-1%,0,0%,0,,
2/1/19,0.09%,1%,0,0%,0,,
2/4/19,0.68%,-1%,0,0%,0,,
2/5/19,0.47%,0%,0,0%,0,,
2/6/19,-0.22%,-2%,0,0%,0,,
2/7/19,-0.94%,-1%,0,0%,0,,
2/8/19,0.07%,8%,0,0%,0,,
2/11/19,0.07%,-1%,0,0%,0,,
2/12/19,1.29%,0%,0,0%,0,,
2/13/19,0.30%,0%,0,0%,0,,
2/14/19,-0.27%,0%,0,0%,0,,
2/15/19,1.09%,0%,0,0%,0,,
2/19/19,0.15%,9%,0,0%,0,,
2/20/19,0.18%,1%,0,0%,0,,
2/21/19,-0.35%,-1%,0,0%,0,,
2/22/19,0.64%,1%,0,0%,0,,
2/25/19,0.12%,-3%,0,0%,0,,
2/26/19,-0.08%,-1%,0,0%,0,,
2/27/19,-0.05%,0%,0,0%,0,,
2/28/19,-0.28%,0%,0,0%,0,,
3/1/19,0.69%,0%,0,0%,0,,
3/4/19,-0.39%,-3%,0,0%,0,,
3/5/19,-0.11%,4%,0,0%,0,,
3/6/19,-0.65%,0%,0,0%,0,,
3/7/19,-0.81%,0%,0,0%,0,,
3/8/19,-0.21%,0%,0,0%,0,,
3/11/19,1.47%,0%,0,0%,0,,
3/12/19,0.30%,0%,0,0%,0,,
3/13/19,0.69%,0%,0,0%,0,,
3/14/19,-0.09%,0%,0,0%,0,,
3/15/19,0.50%,1%,0,0%,0,,
3/18/19,0.37%,2%,0,0%,0,,
3/19/19,-0.01%,1%,0,0%,0,,
3/20/19,-0.29%,1%,0,0%,0,,
3/21/19,1.09%,-1%,0,0%,0,,
3/22/19,-1.90%,0%,0,0%,0,,
3/25/19,-0.08%,-2%,0,0%,0,,
3/26/19,0.72%,0%,0,0%,0,,
3/27/19,-0.46%,3%,0,0%,0,,
3/28/19,0.36%,0%,0,0%,0,,
3/29/19,0.67%,2%,0,0%,0,,
4/1/19,1.16%,19%,0,0%,0,,
4/2/19,0.00%,1%,0,0%,0,,
4/3/19,0.21%,-1%,0,0%,0,,
4/4/19,0.21%,3%,0,0%,0,,
4/5/19,0.46%,0%,0,0%,0,,
4/8/19,0.10%,3%,0,0%,0,,
4/9/19,-0.61%,2%,0,0%,0,,
4/10/19,0.35%,-5%,0,0%,0,,
4/11/19,0.00%,1%,0,0%,0,,
4/12/19,0.66%,0%,0,0%,0,,
4/15/19,-0.06%,3%,0,0%,0,,
4/16/19,0.05%,0%,0,0%,0,,
4/17/19,-0.23%,1%,0,0%,0,,
4/18/19,0.16%,0%,0,0%,0,,
4/22/19,0.10%,5%,0,0%,0,,
4/23/19,0.88%,-2%,0,0%,0,,
4/24/19,-0.22%,-5%,0,0%,0,,
4/25/19,-0.04%,1%,0,0%,0,,
4/26/19,0.47%,0%,0,0%,0,,
4/29/19,0.11%,2%,0,0%,0,,
4/30/19,0.10%,1%,0,0%,0,,
5/1/19,-0.75%,2%,0,0%,0,,
5/2/19,-0.21%,5%,0,0%,0,,
5/3/19,0.96%,2%,0,0%,0,,
5/6/19,-0.45%,0%,0,0%,0,,
5/7/19,-1.65%,3%,0,0%,0,,
5/8/19,-0.16%,3%,0,0%,0,,
5/9/19,-0.30%,3%,0,0%,0,,
5/10/19,0.37%,13%,0,0%,0,,
5/13/19,-2.41%,11%,1,11%,0,,
5/14/19,0.80%,3%,0,0%,0,,
5/15/19,0.58%,-4%,0,0%,0,,
5/16/19,0.89%,-6%,0,0%,0,,
5/17/19,-0.58%,-1%,0,0%,0,,
5/20/19,-0.67%,9%,0,0%,0,,
5/21/19,0.85%,-4%,0,0%,0,,
5/22/19,-0.28%,3%,0,0%,0,,
5/23/19,-1.19%,2%,0,0%,0,,
5/24/19,0.14%,1%,0,0%,0,,
5/28/19,-0.84%,8%,0,0%,0,,
5/29/19,-0.69%,-4%,0,0%,0,,
5/30/19,0.21%,3%,0,0%,0,,
5/31/19,-1.32%,0%,0,0%,0,,
6/3/19,-0.28%,-10%,0,0%,0,,
6/4/19,2.14%,1%,0,0%,0,,
6/5/19,0.82%,0%,0,0%,0,,
6/6/19,0.61%,3%,0,0%,0,,
6/7/19,1.05%,-1%,0,0%,0,,
6/10/19,0.47%,0%,0,0%,0,,
6/11/19,-0.03%,3%,0,0%,0,,
6/12/19,-0.20%,1%,0,0%,0,,
6/13/19,0.41%,6%,0,0%,0,,
6/14/19,-0.16%,2%,0,0%,0,,
6/17/19,0.09%,3%,0,0%,0,,
6/18/19,0.97%,2%,0,0%,0,,
6/19/19,0.30%,3%,0,0%,0,,
6/20/19,0.95%,7%,0,0%,0,,
6/21/19,-0.13%,5%,0,0%,0,,
6/24/19,-0.17%,10%,0,0%,0,,
6/25/19,-0.95%,10%,0,0%,0,,
6/26/19,-0.12%,-14%,0,0%,0,,
6/27/19,0.38%,11%,0,0%,0,,
6/28/19,0.58%,-4%,0,0%,0,,
7/1/19,0.77%,-9%,0,0%,0,,
7/2/19,0.29%,10%,0,0%,0,,
7/3/19,0.77%,-7%,0,0%,0,,
7/5/19,-0.18%,1%,0,0%,0,,
7/8/19,-0.48%,12%,0,0%,0,,
7/9/19,0.12%,-4%,0,0%,0,,
7/10/19,0.45%,-6%,0,0%,0,,
7/11/19,0.23%,4%,0,0%,0,,
7/12/19,0.46%,-4%,0,0%,0,,
7/15/19,0.02%,-17%,0,0%,0,,
7/16/19,-0.34%,3%,0,0%,0,,
7/17/19,-0.65%,10%,0,0%,0,,
7/18/19,0.36%,-1%,0,0%,0,,
7/19/19,-0.62%,2%,0,0%,0,,
7/22/19,0.28%,-8%,0,0%,0,,
7/23/19,0.68%,-1%,0,0%,0,,
7/24/19,0.47%,1%,0,0%,0,,
7/25/19,-0.53%,0%,0,0%,0,,
7/26/19,0.74%,-4%,0,0%,0,,
7/29/19,-0.16%,1%,0,0%,0,,
7/30/19,-0.26%,5%,0,0%,0,,
7/31/19,-1.09%,3%,0,0%,0,,
8/1/19,-0.90%,1%,0,0%,0,,
8/2/19,-0.73%,3%,0,0%,0,,
8/5/19,-2.98%,6%,1,1%,0,,
8/6/19,1.30%,4%,0,0%,0,,
8/7/19,0.08%,0%,0,0%,0,,
8/8/19,1.88%,-1%,0,0%,0,,
8/9/19,-0.66%,-5%,0,0%,0,,
8/12/19,-1.23%,-4%,0,0%,0,,
8/13/19,1.51%,-8%,0,0%,0,,
8/14/19,-2.93%,3%,1,1%,0,,
8/15/19,0.25%,1%,0,0%,0,,
8/16/19,1.44%,-1%,0,0%,0,,
8/19/19,1.21%,5%,0,0%,0,,
8/20/19,-0.79%,-6%,0,0%,0,,
8/21/19,0.82%,0%,0,0%,0,,
8/22/19,-0.05%,3%,0,0%,0,,
8/23/19,-2.59%,-3%,1,-8%,0,,
8/26/19,1.10%,0%,0,0%,0,,
8/27/19,-0.32%,-4%,0,0%,0,,
8/28/19,0.65%,-2%,0,0%,0,,
8/29/19,1.27%,1%,0,0%,0,,
8/30/19,0.06%,0%,0,0%,0,,
9/3/19,-0.69%,10%,0,0%,0,,
9/4/19,1.08%,0%,0,0%,0,,
9/5/19,1.30%,-2%,0,0%,0,,
9/6/19,0.09%,2%,0,0%,0,,
9/9/19,-0.01%,-4%,0,0%,0,,
9/10/19,0.03%,1%,0,0%,0,,
9/11/19,0.72%,3%,0,0%,0,,
9/12/19,0.29%,-1%,0,0%,0,,
9/13/19,-0.07%,0%,0,0%,0,,
9/16/19,-0.31%,-2%,0,0%,0,,
9/17/19,0.26%,0%,0,0%,0,,
9/18/19,0.03%,1%,0,0%,0,,
9/19/19,0.00%,-1%,0,0%,0,,
9/20/19,-0.49%,-2%,0,0%,0,,
9/23/19,-0.01%,-14%,0,0%,0,,
9/24/19,-0.84%,-1%,0,0%,0,,
9/25/19,0.62%,-4%,0,0%,0,,
9/26/19,-0.24%,2%,0,0%,0,,
9/27/19,-0.53%,0%,0,0%,0,,